x-axis,1,2
second,Volt,Volt
-576.00E-03,,
-575.00E-03,+507.36E-03,+4.69122E+00
-574.00E-03,+506.10E-03,+4.69075E+00
-573.00E-03,+507.36E-03,+4.68950E+00
-572.00E-03,+506.10E-03,+4.68871E+00
-571.00E-03,+506.10E-03,+4.68950E+00
-570.00E-03,+506.34E-03,+4.69060E+00
-569.00E-03,+507.36E-03,+4.68871E+00
-568.00E-03,+506.18E-03,+4.69091E+00
-567.00E-03,+506.97E-03,+4.69122E+00
-566.00E-03,+507.36E-03,+4.68981E+00
-565.00E-03,+508.07E-03,+4.68871E+00
-564.00E-03,+507.36E-03,+4.69060E+00
-563.00E-03,+506.10E-03,+4.69091E+00
-562.00E-03,+507.20E-03,+4.68871E+00
-561.00E-03,+506.34E-03,+4.69060E+00
-560.00E-03,+506.10E-03,+4.68871E+00
-559.00E-03,+506.10E-03,+4.68997E+00
-558.00E-03,+506.10E-03,+4.68934E+00
-557.00E-03,+506.10E-03,+4.69091E+00
-556.00E-03,+506.10E-03,+4.68871E+00
-555.00E-03,+506.10E-03,+4.68871E+00
-554.00E-03,+506.89E-03,+4.69028E+00
-553.00E-03,+506.10E-03,+4.68997E+00
-552.00E-03,+506.49E-03,+4.68950E+00
-551.00E-03,+506.49E-03,+4.68903E+00
-550.00E-03,+507.28E-03,+4.68871E+00
-549.00E-03,+507.36E-03,+4.68903E+00
-548.00E-03,+507.36E-03,+4.68871E+00
-547.00E-03,+507.99E-03,+4.68997E+00
-546.00E-03,+507.36E-03,+4.68871E+00
-545.00E-03,+507.04E-03,+4.68871E+00
-544.00E-03,+507.28E-03,+4.69122E+00
-543.00E-03,+506.10E-03,+4.68871E+00
-542.00E-03,+506.10E-03,+4.68871E+00
-541.00E-03,+506.10E-03,+4.68871E+00
-540.00E-03,+506.10E-03,+4.69012E+00
-539.00E-03,+506.34E-03,+4.68871E+00
-538.00E-03,+506.18E-03,+4.68871E+00
-537.00E-03,+507.20E-03,+4.68871E+00
-536.00E-03,+506.10E-03,+4.68918E+00
-535.00E-03,+507.36E-03,+4.68871E+00
-534.00E-03,+507.36E-03,+4.68871E+00
-533.00E-03,+508.22E-03,+4.69044E+00
-532.00E-03,+507.20E-03,+4.68871E+00
-531.00E-03,+506.10E-03,+4.68871E+00
-530.00E-03,+506.10E-03,+4.69060E+00
-529.00E-03,+506.49E-03,+4.68871E+00
-528.00E-03,+507.36E-03,+4.68871E+00
-527.00E-03,+506.89E-03,+4.69122E+00
-526.00E-03,+506.26E-03,+4.69075E+00
-525.00E-03,+507.28E-03,+4.68871E+00
-524.00E-03,+506.10E-03,+4.69075E+00
-523.00E-03,+505.63E-03,+4.69028E+00
-522.00E-03,+506.73E-03,+4.68981E+00
-521.00E-03,+506.89E-03,+4.68950E+00
-520.00E-03,+506.34E-03,+4.68871E+00
-519.00E-03,+506.10E-03,+4.68871E+00
-518.00E-03,+507.36E-03,+4.68887E+00
-517.00E-03,+507.36E-03,+4.69044E+00
-516.00E-03,+507.36E-03,+4.68871E+00
-515.00E-03,+507.36E-03,+4.69012E+00
-514.00E-03,+507.36E-03,+4.68918E+00
-513.00E-03,+506.10E-03,+4.69091E+00
-512.00E-03,+506.10E-03,+4.68887E+00
-511.00E-03,+506.34E-03,+4.68871E+00
-510.00E-03,+506.81E-03,+4.69012E+00
-509.00E-03,+507.36E-03,+4.68997E+00
-508.00E-03,+506.10E-03,+4.68871E+00
-507.00E-03,+506.18E-03,+4.68887E+00
-506.00E-03,+506.10E-03,+4.68871E+00
-505.00E-03,+506.10E-03,+4.68918E+00
-504.00E-03,+506.49E-03,+4.69028E+00
-503.00E-03,+506.65E-03,+4.69122E+00
-502.00E-03,+507.36E-03,+4.69028E+00
-501.00E-03,+507.36E-03,+4.68871E+00
-500.00E-03,+507.28E-03,+4.69122E+00
-499.00E-03,+507.12E-03,+4.69122E+00
-498.00E-03,+507.36E-03,+4.68871E+00
-497.00E-03,+507.36E-03,+4.68997E+00
-496.00E-03,+507.36E-03,+4.69028E+00
-495.00E-03,+506.34E-03,+4.69060E+00
-494.00E-03,+506.10E-03,+4.68871E+00
-493.00E-03,+507.20E-03,+4.69091E+00
-492.00E-03,+506.42E-03,+4.69122E+00
-491.00E-03,+506.10E-03,+4.68871E+00
-490.00E-03,+505.32E-03,+4.68965E+00
-489.00E-03,+506.10E-03,+4.69122E+00
-488.00E-03,+506.10E-03,+4.68871E+00
-487.00E-03,+507.20E-03,+4.68871E+00
-486.00E-03,+507.36E-03,+4.68871E+00
-485.00E-03,+507.36E-03,+4.69122E+00
-484.00E-03,+507.36E-03,+4.68981E+00
-483.00E-03,+507.67E-03,+4.69122E+00
-482.00E-03,+507.36E-03,+4.69122E+00
-481.00E-03,+507.36E-03,+4.68871E+00
-480.00E-03,+507.36E-03,+4.68871E+00
-479.00E-03,+506.10E-03,+4.69028E+00
-478.00E-03,+507.91E-03,+4.68997E+00
-477.00E-03,+506.89E-03,+4.68950E+00
-476.00E-03,+506.26E-03,+4.69122E+00
-475.00E-03,+506.10E-03,+4.69107E+00
-474.00E-03,+506.10E-03,+4.68903E+00
-473.00E-03,+506.49E-03,+4.69028E+00
-472.00E-03,+507.36E-03,+4.68981E+00
-471.00E-03,+506.10E-03,+4.69122E+00
-470.00E-03,+507.36E-03,+4.68918E+00
-469.00E-03,+507.28E-03,+4.69122E+00
-468.00E-03,+508.46E-03,+4.68887E+00
-467.00E-03,+507.67E-03,+4.68871E+00
-466.00E-03,+506.73E-03,+4.68997E+00
-465.00E-03,+508.07E-03,+4.68871E+00
-464.00E-03,+507.36E-03,+4.69060E+00
-463.00E-03,+506.18E-03,+4.68887E+00
-462.00E-03,+507.36E-03,+4.69091E+00
-461.00E-03,+506.34E-03,+4.68871E+00
-460.00E-03,+507.36E-03,+4.69012E+00
-459.00E-03,+507.36E-03,+4.68981E+00
-458.00E-03,+507.36E-03,+4.69044E+00
-457.00E-03,+506.10E-03,+4.68871E+00
-456.00E-03,+506.10E-03,+4.69122E+00
-455.00E-03,+506.34E-03,+4.69122E+00
-454.00E-03,+506.89E-03,+4.68950E+00
-453.00E-03,+507.36E-03,+4.68981E+00
-452.00E-03,+507.36E-03,+4.69122E+00
-451.00E-03,+507.36E-03,+4.68871E+00
-450.00E-03,+508.54E-03,+4.69122E+00
-449.00E-03,+507.36E-03,+4.68871E+00
-448.00E-03,+508.61E-03,+4.69122E+00
-447.00E-03,+507.99E-03,+4.68871E+00
-446.00E-03,+508.14E-03,+4.68950E+00
-445.00E-03,+507.36E-03,+4.68871E+00
-444.00E-03,+506.10E-03,+4.68871E+00
-443.00E-03,+507.20E-03,+4.68871E+00
-442.00E-03,+506.10E-03,+4.69122E+00
-441.00E-03,+506.65E-03,+4.69122E+00
-440.00E-03,+506.81E-03,+4.68965E+00
-439.00E-03,+506.34E-03,+4.68918E+00
-438.00E-03,+507.36E-03,+4.69091E+00
-437.00E-03,+507.20E-03,+4.69122E+00
-436.00E-03,+506.34E-03,+4.69060E+00
-435.00E-03,+506.81E-03,+4.69012E+00
-434.00E-03,+507.91E-03,+4.68997E+00
-433.00E-03,+508.22E-03,+4.68871E+00
-432.00E-03,+507.44E-03,+4.69122E+00
-431.00E-03,+507.36E-03,+4.69122E+00
-430.00E-03,+507.36E-03,+4.68918E+00
-429.00E-03,+507.75E-03,+4.68871E+00
-428.00E-03,+507.36E-03,+4.68871E+00
-427.00E-03,+507.36E-03,+4.69028E+00
-426.00E-03,+507.52E-03,+4.68903E+00
-425.00E-03,+507.28E-03,+4.69122E+00
-424.00E-03,+506.26E-03,+4.68903E+00
-423.00E-03,+506.89E-03,+4.69122E+00
-422.00E-03,+506.73E-03,+4.68871E+00
-421.00E-03,+506.10E-03,+4.69028E+00
-420.00E-03,+506.34E-03,+4.68871E+00
-419.00E-03,+506.10E-03,+4.68871E+00
-418.00E-03,+507.20E-03,+4.69091E+00
-417.00E-03,+507.67E-03,+4.68934E+00
-416.00E-03,+507.36E-03,+4.68871E+00
-415.00E-03,+507.36E-03,+4.68965E+00
-414.00E-03,+507.36E-03,+4.69060E+00
-413.00E-03,+507.36E-03,+4.68887E+00
-412.00E-03,+507.20E-03,+4.68871E+00
-411.00E-03,+506.34E-03,+4.69060E+00
-410.00E-03,+508.07E-03,+4.68965E+00
-409.00E-03,+506.73E-03,+4.68871E+00
-408.00E-03,+507.36E-03,+4.68934E+00
-407.00E-03,+506.18E-03,+4.68871E+00
-406.00E-03,+507.28E-03,+4.68871E+00
-405.00E-03,+506.10E-03,+4.68871E+00
-404.00E-03,+506.89E-03,+4.69122E+00
-403.00E-03,+506.10E-03,+4.68997E+00
-402.00E-03,+506.49E-03,+4.68950E+00
-401.00E-03,+507.36E-03,+4.69122E+00
-400.00E-03,+506.10E-03,+4.68871E+00
-399.00E-03,+507.36E-03,+4.68903E+00
-398.00E-03,+507.36E-03,+4.69122E+00
-397.00E-03,+506.10E-03,+4.68981E+00
-396.00E-03,+506.89E-03,+4.68871E+00
-395.00E-03,+506.34E-03,+4.69060E+00
-394.00E-03,+506.10E-03,+4.69107E+00
-393.00E-03,+507.20E-03,+4.69122E+00
-392.00E-03,+506.42E-03,+4.69122E+00
-391.00E-03,+506.10E-03,+4.69122E+00
-390.00E-03,+506.10E-03,+4.69012E+00
-389.00E-03,+506.10E-03,+4.68918E+00
-388.00E-03,+504.85E-03,+4.68887E+00
-387.00E-03,+506.18E-03,+4.69122E+00
-386.00E-03,+507.04E-03,+4.68918E+00
-385.00E-03,+506.81E-03,+4.69012E+00
-384.00E-03,+506.73E-03,+4.69122E+00
-383.00E-03,+507.36E-03,+4.69122E+00
-382.00E-03,+507.36E-03,+4.69122E+00
-381.00E-03,+508.54E-03,+4.69107E+00
-380.00E-03,+507.59E-03,+4.68918E+00
-379.00E-03,+507.36E-03,+4.69122E+00
-378.00E-03,+506.10E-03,+4.68981E+00
-377.00E-03,+506.49E-03,+4.69122E+00
-376.00E-03,+506.26E-03,+4.68903E+00
-375.00E-03,+507.36E-03,+4.69122E+00
-374.00E-03,+506.10E-03,+4.69122E+00
-373.00E-03,+506.10E-03,+4.68950E+00
-372.00E-03,+506.10E-03,+4.68997E+00
-371.00E-03,+506.10E-03,+4.69122E+00
-370.00E-03,+506.10E-03,+4.69060E+00
-369.00E-03,+507.28E-03,+4.69122E+00
-368.00E-03,+507.36E-03,+4.69091E+00
-367.00E-03,+506.42E-03,+4.69122E+00
-366.00E-03,+507.36E-03,+4.69122E+00
-365.00E-03,+508.07E-03,+4.68965E+00
-364.00E-03,+507.36E-03,+4.69122E+00
-363.00E-03,+507.36E-03,+4.68871E+00
-362.00E-03,+507.20E-03,+4.68887E+00
-361.00E-03,+507.36E-03,+4.69060E+00
-360.00E-03,+506.57E-03,+4.68965E+00
-359.00E-03,+506.10E-03,+4.68997E+00
-358.00E-03,+506.42E-03,+4.68934E+00
-357.00E-03,+506.10E-03,+4.69091E+00
-356.00E-03,+506.10E-03,+4.68871E+00
-355.00E-03,+506.34E-03,+4.68871E+00
-354.00E-03,+506.89E-03,+4.69122E+00
-353.00E-03,+507.36E-03,+4.68997E+00
-352.00E-03,+506.49E-03,+4.69122E+00
-351.00E-03,+507.36E-03,+4.69122E+00
-350.00E-03,+508.54E-03,+4.69122E+00
-349.00E-03,+507.52E-03,+4.68903E+00
-348.00E-03,+508.61E-03,+4.68950E+00
-347.00E-03,+507.99E-03,+4.69122E+00
-346.00E-03,+507.36E-03,+4.69028E+00
-345.00E-03,+506.10E-03,+4.68918E+00
-344.00E-03,+507.28E-03,+4.69107E+00
-343.00E-03,+507.36E-03,+4.68887E+00
-342.00E-03,+506.97E-03,+4.69044E+00
-341.00E-03,+506.10E-03,+4.68871E+00
-340.00E-03,+506.81E-03,+4.69012E+00
-339.00E-03,+506.10E-03,+4.68871E+00
-338.00E-03,+507.20E-03,+4.68887E+00
-337.00E-03,+507.20E-03,+4.68871E+00
-336.00E-03,+507.36E-03,+4.69122E+00
-335.00E-03,+506.81E-03,+4.68871E+00
-334.00E-03,+506.65E-03,+4.69122E+00
-333.00E-03,+506.42E-03,+4.69044E+00
-332.00E-03,+507.36E-03,+4.69122E+00
-331.00E-03,+507.36E-03,+4.69122E+00
-330.00E-03,+507.36E-03,+4.69122E+00
-329.00E-03,+506.89E-03,+4.68950E+00
-328.00E-03,+506.73E-03,+4.68871E+00
-327.00E-03,+506.10E-03,+4.69122E+00
-326.00E-03,+506.10E-03,+4.69075E+00
-325.00E-03,+507.28E-03,+4.68871E+00
-324.00E-03,+506.26E-03,+4.69075E+00
-323.00E-03,+506.10E-03,+4.69122E+00
-322.00E-03,+506.10E-03,+4.68981E+00
-321.00E-03,+506.10E-03,+4.68950E+00
-320.00E-03,+506.10E-03,+4.68871E+00
-319.00E-03,+507.36E-03,+4.68871E+00
-318.00E-03,+506.10E-03,+4.68887E+00
-317.00E-03,+507.36E-03,+4.69044E+00
-316.00E-03,+507.36E-03,+4.68981E+00
-315.00E-03,+507.36E-03,+4.68871E+00
-314.00E-03,+506.65E-03,+4.68918E+00
-313.00E-03,+507.20E-03,+4.69122E+00
-312.00E-03,+506.18E-03,+4.69122E+00
-311.00E-03,+506.10E-03,+4.68871E+00
-310.00E-03,+507.36E-03,+4.68871E+00
-309.00E-03,+506.73E-03,+4.69122E+00
-308.00E-03,+506.10E-03,+4.68871E+00
-307.00E-03,+505.95E-03,+4.69122E+00
-306.00E-03,+506.10E-03,+4.69122E+00
-305.00E-03,+506.10E-03,+4.68871E+00
-304.00E-03,+506.10E-03,+4.69028E+00
-303.00E-03,+506.10E-03,+4.68981E+00
-302.00E-03,+506.49E-03,+4.68871E+00
-301.00E-03,+507.36E-03,+4.68903E+00
-300.00E-03,+507.28E-03,+4.69122E+00
-299.00E-03,+507.36E-03,+4.69122E+00
-298.00E-03,+508.14E-03,+4.68950E+00
-297.00E-03,+506.65E-03,+4.68997E+00
-296.00E-03,+507.36E-03,+4.69122E+00
-295.00E-03,+507.36E-03,+4.68871E+00
-294.00E-03,+507.36E-03,+4.68871E+00
-293.00E-03,+506.10E-03,+4.69091E+00
-292.00E-03,+506.42E-03,+4.69122E+00
-291.00E-03,+506.10E-03,+4.68871E+00
-290.00E-03,+505.32E-03,+4.68965E+00
-289.00E-03,+506.34E-03,+4.69060E+00
-288.00E-03,+506.10E-03,+4.68871E+00
-287.00E-03,+506.10E-03,+4.68871E+00
-286.00E-03,+506.34E-03,+4.68871E+00
-285.00E-03,+507.36E-03,+4.68965E+00
-284.00E-03,+507.36E-03,+4.68981E+00
-283.00E-03,+507.36E-03,+4.68934E+00
-282.00E-03,+506.18E-03,+4.69122E+00
-281.00E-03,+507.28E-03,+4.68871E+00
-280.00E-03,+507.36E-03,+4.69060E+00
-279.00E-03,+506.10E-03,+4.68777E+00
-278.00E-03,+506.10E-03,+4.68871E+00
-277.00E-03,+506.89E-03,+4.68698E+00
-276.00E-03,+507.12E-03,+4.68871E+00
-275.00E-03,+507.36E-03,+4.68855E+00
-274.00E-03,+507.12E-03,+4.68651E+00
-273.00E-03,+506.10E-03,+4.68777E+00
-272.00E-03,+506.10E-03,+4.68871E+00
-271.00E-03,+506.10E-03,+4.68871E+00
-270.00E-03,+506.34E-03,+4.68871E+00
-269.00E-03,+507.28E-03,+4.68855E+00
-268.00E-03,+506.18E-03,+4.68636E+00
-267.00E-03,+506.97E-03,+4.68871E+00
-266.00E-03,+507.36E-03,+4.68871E+00
-265.00E-03,+507.36E-03,+4.68761E+00
-264.00E-03,+506.34E-03,+4.68667E+00
-263.00E-03,+506.10E-03,+4.68871E+00
-262.00E-03,+507.36E-03,+4.68840E+00
-261.00E-03,+507.36E-03,+4.68667E+00
-260.00E-03,+506.10E-03,+4.68761E+00
-259.00E-03,+507.36E-03,+4.68871E+00
-258.00E-03,+506.42E-03,+4.68981E+00
-257.00E-03,+506.10E-03,+4.68636E+00
-256.00E-03,+506.10E-03,+4.68855E+00
-255.00E-03,+506.10E-03,+4.68808E+00
-254.00E-03,+506.10E-03,+4.68698E+00
-253.00E-03,+506.73E-03,+4.68871E+00
-252.00E-03,+507.36E-03,+4.68871E+00
-251.00E-03,+507.36E-03,+4.68824E+00
-250.00E-03,+507.36E-03,+4.68620E+00
-249.00E-03,+507.36E-03,+4.68651E+00
-248.00E-03,+507.75E-03,+4.68777E+00
-247.00E-03,+506.73E-03,+4.68730E+00
-246.00E-03,+508.14E-03,+4.68871E+00
-245.00E-03,+506.34E-03,+4.68808E+00
-244.00E-03,+504.85E-03,+4.68620E+00
-243.00E-03,+506.18E-03,+4.68840E+00
-242.00E-03,+506.97E-03,+4.68871E+00
-241.00E-03,+506.73E-03,+4.68730E+00
-240.00E-03,+506.10E-03,+4.68714E+00
-239.00E-03,+506.10E-03,+4.68871E+00
-238.00E-03,+506.10E-03,+4.68840E+00
-237.00E-03,+507.20E-03,+4.68636E+00
-236.00E-03,+507.36E-03,+4.68808E+00
-235.00E-03,+507.83E-03,+4.68761E+00
-234.00E-03,+507.36E-03,+4.68746E+00
-233.00E-03,+508.61E-03,+4.68683E+00
-232.00E-03,+507.36E-03,+4.68871E+00
-231.00E-03,+507.36E-03,+4.68871E+00
-230.00E-03,+507.36E-03,+4.68871E+00
-229.00E-03,+507.36E-03,+4.68777E+00
-228.00E-03,+507.36E-03,+4.68746E+00
-227.00E-03,+506.10E-03,+4.68871E+00
-226.00E-03,+507.36E-03,+4.68871E+00
-225.00E-03,+507.36E-03,+4.68855E+00
-224.00E-03,+506.10E-03,+4.68651E+00
-223.00E-03,+506.49E-03,+4.68871E+00
-222.00E-03,+506.73E-03,+4.68746E+00
-221.00E-03,+506.89E-03,+4.68620E+00
-220.00E-03,+506.10E-03,+4.68667E+00
-219.00E-03,+506.10E-03,+4.68871E+00
-218.00E-03,+507.20E-03,+4.68871E+00
-217.00E-03,+507.36E-03,+4.68871E+00
-216.00E-03,+506.73E-03,+4.68746E+00
-215.00E-03,+507.36E-03,+4.68871E+00
-214.00E-03,+506.34E-03,+4.68808E+00
-213.00E-03,+507.20E-03,+4.68871E+00
-212.00E-03,+507.36E-03,+4.68840E+00
-211.00E-03,+507.04E-03,+4.68871E+00
-210.00E-03,+507.36E-03,+4.68714E+00
-209.00E-03,+506.10E-03,+4.68730E+00
-208.00E-03,+506.97E-03,+4.68871E+00
-207.00E-03,+507.36E-03,+4.68840E+00
-206.00E-03,+507.28E-03,+4.68620E+00
-205.00E-03,+506.34E-03,+4.68871E+00
-204.00E-03,+506.10E-03,+4.68777E+00
-203.00E-03,+506.65E-03,+4.68746E+00
-202.00E-03,+506.10E-03,+4.68777E+00
-201.00E-03,+507.36E-03,+4.68871E+00
-200.00E-03,+506.10E-03,+4.68871E+00
-199.00E-03,+507.12E-03,+4.68871E+00
-198.00E-03,+506.10E-03,+4.68871E+00
-197.00E-03,+506.65E-03,+4.68871E+00
-196.00E-03,+506.10E-03,+4.68871E+00
-195.00E-03,+506.34E-03,+4.68871E+00
-194.00E-03,+506.10E-03,+4.68871E+00
-193.00E-03,+506.10E-03,+4.68636E+00
-192.00E-03,+506.10E-03,+4.68793E+00
-191.00E-03,+506.10E-03,+4.68871E+00
-190.00E-03,+506.10E-03,+4.68918E+00
-189.00E-03,+507.04E-03,+4.68871E+00
-188.00E-03,+506.10E-03,+4.68871E+00
-187.00E-03,+505.95E-03,+4.68871E+00
-186.00E-03,+506.10E-03,+4.68667E+00
-185.00E-03,+507.36E-03,+4.68761E+00
-184.00E-03,+506.10E-03,+4.68871E+00
-183.00E-03,+507.36E-03,+4.68871E+00
-182.00E-03,+507.36E-03,+4.68871E+00
-181.00E-03,+507.36E-03,+4.68855E+00
-180.00E-03,+507.36E-03,+4.68871E+00
-179.00E-03,+507.36E-03,+4.68871E+00
-178.00E-03,+507.36E-03,+4.68871E+00
-177.00E-03,+507.36E-03,+4.68777E+00
-176.00E-03,+506.10E-03,+4.68651E+00
-175.00E-03,+506.10E-03,+4.68871E+00
-174.00E-03,+507.36E-03,+4.68871E+00
-173.00E-03,+506.49E-03,+4.68871E+00
-172.00E-03,+506.65E-03,+4.68871E+00
-171.00E-03,+506.49E-03,+4.68698E+00
-170.00E-03,+507.04E-03,+4.68808E+00
-169.00E-03,+507.36E-03,+4.68620E+00
-168.00E-03,+507.36E-03,+4.68840E+00
-167.00E-03,+506.42E-03,+4.68871E+00
-166.00E-03,+507.91E-03,+4.68730E+00
-165.00E-03,+506.57E-03,+4.68714E+00
-164.00E-03,+507.36E-03,+4.68871E+00
-163.00E-03,+507.44E-03,+4.68840E+00
-162.00E-03,+507.36E-03,+4.68636E+00
-161.00E-03,+506.10E-03,+4.68808E+00
-160.00E-03,+506.57E-03,+4.68871E+00
-159.00E-03,+506.65E-03,+4.68746E+00
-158.00E-03,+506.97E-03,+4.68683E+00
-157.00E-03,+506.10E-03,+4.68636E+00
-156.00E-03,+504.85E-03,+4.68871E+00
-155.00E-03,+507.04E-03,+4.68667E+00
-154.00E-03,+506.10E-03,+4.68871E+00
-153.00E-03,+506.10E-03,+4.68871E+00
-152.00E-03,+506.10E-03,+4.68698E+00
-151.00E-03,+507.12E-03,+4.69374E+00
-150.00E-03,+507.36E-03,+4.69374E+00
-149.00E-03,+506.26E-03,+4.69327E+00
-148.00E-03,+506.89E-03,+4.69279E+00
-147.00E-03,+507.36E-03,+4.69374E+00
-146.00E-03,+507.36E-03,+4.69374E+00
-145.00E-03,+507.36E-03,+4.69374E+00
-144.00E-03,+507.28E-03,+4.69609E+00
-143.00E-03,+506.10E-03,+4.69625E+00
-142.00E-03,+507.36E-03,+4.69248E+00
-141.00E-03,+507.36E-03,+4.69625E+00
-140.00E-03,+506.10E-03,+4.69374E+00
-139.00E-03,+505.08E-03,+4.69374E+00
-138.00E-03,+507.20E-03,+4.69154E+00
-137.00E-03,+506.18E-03,+4.69342E+00
-136.00E-03,+507.36E-03,+4.69499E+00
-135.00E-03,+506.81E-03,+4.69515E+00
-134.00E-03,+507.36E-03,+4.69374E+00
-133.00E-03,+507.36E-03,+4.69625E+00
-132.00E-03,+508.61E-03,+4.69342E+00
-131.00E-03,+507.36E-03,+4.69374E+00
-130.00E-03,+508.07E-03,+4.69374E+00
-129.00E-03,+508.14E-03,+4.69201E+00
-128.00E-03,+507.36E-03,+4.69374E+00
-127.00E-03,+506.49E-03,+4.69374E+00
-126.00E-03,+507.12E-03,+4.69374E+00
-125.00E-03,+504.85E-03,+4.69374E+00
-124.00E-03,+506.10E-03,+4.69531E+00
-123.00E-03,+506.10E-03,+4.69531E+00
-122.00E-03,+505.40E-03,+4.69484E+00
-121.00E-03,+506.89E-03,+4.69452E+00
-120.00E-03,+506.10E-03,+4.69562E+00
-119.00E-03,+507.36E-03,+4.69594E+00
-118.00E-03,+507.44E-03,+4.69170E+00
-117.00E-03,+507.36E-03,+4.69374E+00
-116.00E-03,+507.36E-03,+4.69374E+00
-115.00E-03,+508.07E-03,+4.69264E+00
-114.00E-03,+506.34E-03,+4.69232E+00
-113.00E-03,+507.36E-03,+4.69389E+00
-112.00E-03,+506.10E-03,+4.69594E+00
-111.00E-03,+507.04E-03,+4.69421E+00
-110.00E-03,+507.36E-03,+4.69264E+00
-109.00E-03,+506.10E-03,+4.69248E+00
-108.00E-03,+506.73E-03,+4.69295E+00
-107.00E-03,+506.10E-03,+4.69122E+00
-106.00E-03,+506.10E-03,+4.69122E+00
-105.00E-03,+506.10E-03,+4.69122E+00
-104.00E-03,+506.89E-03,+4.69122E+00
-103.00E-03,+506.65E-03,+4.69232E+00
-102.00E-03,+507.36E-03,+4.69201E+00
-101.00E-03,+506.26E-03,+4.69122E+00
-100.00E-03,+507.36E-03,+4.69358E+00
-99.00E-03,+507.36E-03,+4.69122E+00
-98.00E-03,+506.49E-03,+4.68950E+00
-97.00E-03,+507.36E-03,+4.68871E+00
-96.00E-03,+506.49E-03,+4.69028E+00
-95.00E-03,+506.10E-03,+4.69060E+00
-94.00E-03,+506.10E-03,+4.68871E+00
-93.00E-03,+506.18E-03,+4.69091E+00
-92.00E-03,+506.10E-03,+4.69798E+00
-91.00E-03,+505.40E-03,+4.69641E+00
-90.00E-03,+505.32E-03,+4.69562E+00
-89.00E-03,+506.34E-03,+4.69735E+00
-88.00E-03,+507.36E-03,+4.70096E+00
-87.00E-03,+506.10E-03,+4.69876E+00
-86.00E-03,+507.04E-03,+4.69625E+00
-85.00E-03,+506.57E-03,+4.69719E+00
-84.00E-03,+506.65E-03,+4.69751E+00
-83.00E-03,+507.36E-03,+4.69374E+00
-82.00E-03,+507.04E-03,+4.69389E+00
-81.00E-03,+507.36E-03,+4.69122E+00
-80.00E-03,+506.10E-03,+4.69311E+00
-79.00E-03,+507.36E-03,+4.69531E+00
-78.00E-03,+506.73E-03,+4.69374E+00
-77.00E-03,+506.49E-03,+4.69452E+00
-76.00E-03,+507.12E-03,+4.69625E+00
-75.00E-03,+507.28E-03,+4.69609E+00
-74.00E-03,+506.26E-03,+4.69405E+00
-73.00E-03,+506.10E-03,+4.69531E+00
-72.00E-03,+506.10E-03,+4.69625E+00
-71.00E-03,+506.10E-03,+4.69436E+00
-70.00E-03,+506.10E-03,+4.69217E+00
-69.00E-03,+506.10E-03,+4.69389E+00
-68.00E-03,+505.08E-03,+4.69625E+00
-67.00E-03,+506.97E-03,+4.69625E+00
-66.00E-03,+506.10E-03,+4.69499E+00
-65.00E-03,+505.32E-03,+4.69625E+00
-64.00E-03,+506.34E-03,+4.69751E+00
-63.00E-03,+507.20E-03,+4.69374E+00
-62.00E-03,+506.10E-03,+4.69594E+00
-61.00E-03,+506.10E-03,+4.69421E+00
-60.00E-03,+506.10E-03,+4.69217E+00
-59.00E-03,+505.47E-03,+4.69232E+00
-58.00E-03,+506.10E-03,+4.69185E+00
-57.00E-03,+504.85E-03,+4.69374E+00
-56.00E-03,+506.10E-03,+4.69358E+00
-55.00E-03,+505.08E-03,+4.69562E+00
-54.00E-03,+506.10E-03,+4.69279E+00
-53.00E-03,+506.10E-03,+4.69374E+00
-52.00E-03,+506.49E-03,+4.69374E+00
-51.00E-03,+507.36E-03,+4.69327E+00
-50.00E-03,+507.36E-03,+4.69122E+00
-49.00E-03,+506.26E-03,+4.69122E+00
-48.00E-03,+507.75E-03,+4.69201E+00
-47.00E-03,+506.02E-03,+4.69122E+00
-46.00E-03,+507.36E-03,+4.69201E+00
-45.00E-03,+506.10E-03,+4.69170E+00
-44.00E-03,+507.28E-03,+4.69358E+00
-43.00E-03,+506.10E-03,+4.69122E+00
-42.00E-03,+506.42E-03,+4.69295E+00
-41.00E-03,+506.73E-03,+4.69374E+00
-40.00E-03,+506.57E-03,+4.69264E+00
-39.00E-03,+506.34E-03,+4.69311E+00
-38.00E-03,+507.20E-03,+4.69122E+00
-37.00E-03,+506.18E-03,+4.69342E+00
-36.00E-03,+507.36E-03,+4.69170E+00
-35.00E-03,+507.36E-03,+4.69122E+00
-34.00E-03,+506.73E-03,+4.69091E+00
-33.00E-03,+507.67E-03,+4.69185E+00
-32.00E-03,+507.44E-03,+4.69374E+00
-31.00E-03,+508.54E-03,+4.69358E+00
-30.00E-03,+508.61E-03,+4.69122E+00
-29.00E-03,+507.75E-03,+4.69122E+00
-28.00E-03,+507.91E-03,+4.69374E+00
-27.00E-03,+508.14E-03,+4.69279E+00
-26.00E-03,+508.61E-03,+4.69122E+00
-25.00E-03,+508.54E-03,+4.69122E+00
-24.00E-03,+508.38E-03,+4.69154E+00
-23.00E-03,+507.75E-03,+4.69122E+00
-22.00E-03,+508.61E-03,+4.69122E+00
-21.00E-03,+507.75E-03,+4.69452E+00
-20.00E-03,+511.13E-03,+4.69311E+00
-19.00E-03,+509.87E-03,+4.69122E+00
-18.00E-03,+509.87E-03,+4.69342E+00
-17.00E-03,+510.42E-03,+4.69374E+00
-16.00E-03,+511.76E-03,+4.69091E+00
-15.00E-03,+511.13E-03,+4.68965E+00
-14.00E-03,+511.13E-03,+4.69122E+00
-13.00E-03,+512.15E-03,+4.69091E+00
-12.00E-03,+511.13E-03,+4.68903E+00
-11.00E-03,+510.42E-03,+4.69060E+00
-10.00E-03,+510.34E-03,+4.69264E+00
-9.00E-03,+510.42E-03,+4.69248E+00
-8.00E-03,+511.99E-03,+4.68934E+00
-7.00E-03,+511.13E-03,+4.69122E+00
-6.00E-03,+511.13E-03,+4.69358E+00
-5.00E-03,+512.07E-03,+4.69122E+00
-4.00E-03,+512.38E-03,+4.69122E+00
-3.00E-03,+513.64E-03,+4.69122E+00
-2.00E-03,+513.64E-03,+4.68950E+00
-1.00E-03,+514.90E-03,+4.69122E+00
+0.0E+00,+513.64E-03,+4.69122E+00
+1.00E-03,+514.90E-03,+4.69122E+00
+2.00E-03,+514.42E-03,+4.69028E+00
+3.00E-03,+516.78E-03,+4.69122E+00
+4.00E-03,+515.29E-03,+4.69028E+00
+5.00E-03,+515.13E-03,+4.68918E+00
+6.00E-03,+514.90E-03,+4.69122E+00
+7.00E-03,+514.90E-03,+4.69122E+00
+8.00E-03,+515.76E-03,+4.68934E+00
+9.00E-03,+515.52E-03,+4.68981E+00
+10.00E-03,+515.60E-03,+4.69122E+00
+11.00E-03,+516.15E-03,+4.68871E+00
+12.00E-03,+517.25E-03,+4.48849E+00
+13.00E-03,+517.25E-03,+3.39192E+00
+14.00E-03,+517.09E-03,+4.31120E+00
+15.00E-03,+518.12E-03,+4.69217E+00
+16.00E-03,+519.21E-03,+4.69248E+00
+17.00E-03,+520.78E-03,+4.69122E+00
+18.00E-03,+524.79E-03,+4.69091E+00
+19.00E-03,+521.10E-03,+4.69122E+00
+20.00E-03,+525.89E-03,+4.69122E+00
+21.00E-03,+522.83E-03,+4.68950E+00
+22.00E-03,+521.18E-03,+4.68981E+00
+23.00E-03,+520.71E-03,+4.69201E+00
+24.00E-03,+521.18E-03,+4.69075E+00
+25.00E-03,+521.18E-03,+4.68871E+00
+26.00E-03,+522.20E-03,+4.69122E+00
+27.00E-03,+519.92E-03,-43.23E-03
+28.00E-03,+521.18E-03,-34.91E-03
+29.00E-03,+520.31E-03,-32.39E-03
+30.00E-03,+522.67E-03,+2.14239E+00
+31.00E-03,+522.43E-03,+4.46651E+00
+32.00E-03,+523.53E-03,+4.44860E+00
+33.00E-03,+523.69E-03,+4.66547E+00
+34.00E-03,+524.24E-03,+4.65212E+00
+35.00E-03,+524.40E-03,+4.66045E+00
+36.00E-03,+525.57E-03,+4.62448E+00
+37.00E-03,+525.02E-03,+4.64254E+00
+38.00E-03,+526.20E-03,+4.55209E+00
+39.00E-03,+525.89E-03,+4.68698E+00
+40.00E-03,+526.20E-03,+4.69012E+00
+41.00E-03,+525.57E-03,+4.64207E+00
+42.00E-03,+526.20E-03,+4.66154E+00
+43.00E-03,+525.02E-03,+2.27304E+00
+44.00E-03,+526.20E-03,+4.69122E+00
+45.00E-03,+526.20E-03,+4.68871E+00
+46.00E-03,+526.60E-03,+4.69028E+00
+47.00E-03,+527.46E-03,+4.68997E+00
+48.00E-03,+527.85E-03,+4.30539E+00
+49.00E-03,+529.97E-03,+4.68903E+00
+50.00E-03,+529.97E-03,+4.68353E+00
+51.00E-03,+532.01E-03,+4.59198E+00
+52.00E-03,+532.01E-03,+1.10046E+00
+53.00E-03,+533.74E-03,+3.96305E+00
+54.00E-03,+532.48E-03,+4.36412E+00
+55.00E-03,+533.74E-03,+4.62684E+00
+56.00E-03,+534.84E-03,+4.55382E+00
+57.00E-03,+534.84E-03,+1.24886E+00
+58.00E-03,+534.05E-03,+2.65872E+00
+59.00E-03,+535.00E-03,+4.47389E+00
+60.00E-03,+534.68E-03,+4.58617E+00
+61.00E-03,+536.25E-03,+4.66940E+00
+62.00E-03,+536.33E-03,+3.49006E+00
+63.00E-03,+541.04E-03,+4.66107E+00
+64.00E-03,+540.02E-03,+4.61836E+00
+65.00E-03,+539.24E-03,+4.66249E+00
+66.00E-03,+540.57E-03,+2.56434E+00
+67.00E-03,+540.02E-03,+3.32533E+00
+68.00E-03,+540.02E-03,-34.91E-03
+69.00E-03,+540.02E-03,-32.39E-03
+70.00E-03,+540.96E-03,+4.65401E+00
+71.00E-03,+540.41E-03,+2.56779E+00
+72.00E-03,+541.83E-03,+4.61773E+00
+73.00E-03,+542.53E-03,+4.69122E+00
+74.00E-03,+542.53E-03,+4.69122E+00
+75.00E-03,+542.53E-03,-47.47E-03
+76.00E-03,+543.79E-03,+1.75231E+00
+77.00E-03,+544.18E-03,+651.02E-03
+78.00E-03,+545.05E-03,+4.67960E+00
+79.00E-03,+544.58E-03,+4.64961E+00
+80.00E-03,+547.01E-03,+4.66500E+00
+81.00E-03,+545.05E-03,+4.58428E+00
+82.00E-03,+545.13E-03,+4.67536E+00
+83.00E-03,+547.56E-03,+4.52728E+00
+84.00E-03,+548.19E-03,+4.66374E+00
+85.00E-03,+550.07E-03,+4.65589E+00
+86.00E-03,+550.07E-03,+4.51032E+00
+87.00E-03,+551.41E-03,+4.68416E+00
+88.00E-03,+551.33E-03,+4.64207E+00
+89.00E-03,+552.58E-03,+4.59685E+00
+90.00E-03,+551.33E-03,+4.68463E+00
+91.00E-03,+550.70E-03,+4.68981E+00
+92.00E-03,+550.94E-03,+4.68133E+00
+93.00E-03,+548.89E-03,+4.68887E+00
+94.00E-03,+551.25E-03,+4.69075E+00
+95.00E-03,+552.27E-03,+4.67458E+00
+96.00E-03,+552.98E-03,+4.68950E+00
+97.00E-03,+553.13E-03,+4.68981E+00
+98.00E-03,+552.11E-03,+4.68871E+00
+99.00E-03,+552.74E-03,+4.69028E+00
+100.00E-03,+553.84E-03,+4.68855E+00
+101.00E-03,+554.63E-03,+4.56889E+00
+102.00E-03,+554.23E-03,+4.58774E+00
+103.00E-03,+554.47E-03,+4.56324E+00
+104.00E-03,+554.63E-03,+4.59685E+00
+105.00E-03,+556.59E-03,+4.63642E+00
+106.00E-03,+555.10E-03,+3.77634E+00
+107.00E-03,+556.35E-03,-35.22E-03
+108.00E-03,+555.96E-03,+53.66E-03
+109.00E-03,+557.61E-03,+4.03843E+00
+110.00E-03,+558.87E-03,+4.54942E+00
+111.00E-03,+560.67E-03,+4.53906E+00
+112.00E-03,+560.12E-03,+4.63752E+00
+113.00E-03,+561.46E-03,+4.68746E+00
+114.00E-03,+563.58E-03,+4.66940E+00
+115.00E-03,+564.36E-03,+4.55994E+00
+116.00E-03,+565.15E-03,+4.62276E+00
+117.00E-03,+566.40E-03,+4.64804E+00
+118.00E-03,+565.38E-03,+4.66076E+00
+119.00E-03,+566.40E-03,+4.64474E+00
+120.00E-03,+567.35E-03,+4.65605E+00
+121.00E-03,+568.05E-03,+4.18541E+00
+122.00E-03,+567.66E-03,+3.23190E+00
+123.00E-03,+568.92E-03,+4.66343E+00
+124.00E-03,+568.92E-03,+3.29141E+00
+125.00E-03,+570.09E-03,-34.91E-03
+126.00E-03,+568.92E-03,-32.39E-03
+127.00E-03,+569.31E-03,-32.39E-03
+128.00E-03,+569.54E-03,-32.39E-03
+129.00E-03,+570.17E-03,-32.39E-03
+130.00E-03,+572.68E-03,-32.39E-03
+131.00E-03,+573.94E-03,-32.39E-03
+132.00E-03,+573.78E-03,-32.39E-03
+133.00E-03,+574.80E-03,-32.39E-03
+134.00E-03,+573.94E-03,-32.39E-03
+135.00E-03,+573.94E-03,-32.39E-03
+136.00E-03,+577.40E-03,-32.39E-03
+137.00E-03,+577.55E-03,-32.39E-03
+138.00E-03,+577.71E-03,-32.39E-03
+139.00E-03,+578.65E-03,-32.39E-03
+140.00E-03,+578.42E-03,-32.39E-03
+141.00E-03,+579.52E-03,-32.39E-03
+142.00E-03,+579.28E-03,-32.39E-03
+143.00E-03,+580.30E-03,-32.39E-03
+144.00E-03,+581.40E-03,-32.39E-03
+145.00E-03,+582.74E-03,-32.39E-03
+146.00E-03,+582.74E-03,-32.39E-03
+147.00E-03,+582.74E-03,-32.39E-03
+148.00E-03,+583.99E-03,-32.39E-03
+149.00E-03,+586.27E-03,-32.39E-03
+150.00E-03,+586.50E-03,-32.39E-03
+151.00E-03,+586.50E-03,-32.39E-03
+152.00E-03,+587.76E-03,-32.39E-03
+153.00E-03,+589.02E-03,-32.39E-03
+154.00E-03,+590.27E-03,-32.39E-03
+155.00E-03,+589.25E-03,-32.39E-03
+156.00E-03,+590.27E-03,-32.39E-03
+157.00E-03,+590.27E-03,-32.39E-03
+158.00E-03,+591.53E-03,-32.39E-03
+159.00E-03,+592.08E-03,-32.39E-03
+160.00E-03,+592.79E-03,-32.39E-03
+161.00E-03,+594.98E-03,-32.39E-03
+162.00E-03,+595.30E-03,-32.39E-03
+163.00E-03,+596.55E-03,-32.39E-03
+164.00E-03,+597.50E-03,-32.39E-03
+165.00E-03,+599.07E-03,-32.39E-03
+166.00E-03,+599.62E-03,-32.39E-03
+167.00E-03,+601.58E-03,-32.39E-03
+168.00E-03,+601.58E-03,-32.39E-03
+169.00E-03,+602.76E-03,-32.39E-03
+170.00E-03,+603.78E-03,-32.39E-03
+171.00E-03,+605.35E-03,-32.39E-03
+172.00E-03,+605.35E-03,-32.39E-03
+173.00E-03,+606.60E-03,-32.39E-03
+174.00E-03,+606.76E-03,-32.39E-03
+175.00E-03,+607.86E-03,-32.39E-03
+176.00E-03,+608.88E-03,-32.39E-03
+177.00E-03,+610.37E-03,-32.39E-03
+178.00E-03,+609.67E-03,-32.39E-03
+179.00E-03,+610.69E-03,-32.39E-03
+180.00E-03,+612.57E-03,-32.39E-03
+181.00E-03,+611.63E-03,-32.39E-03
+182.00E-03,+612.89E-03,-32.39E-03
+183.00E-03,+614.46E-03,-32.39E-03
+184.00E-03,+614.77E-03,-32.39E-03
+185.00E-03,+615.40E-03,-32.39E-03
+186.00E-03,+615.63E-03,-32.39E-03
+187.00E-03,+615.56E-03,-32.39E-03
+188.00E-03,+619.01E-03,-32.39E-03
+189.00E-03,+620.42E-03,-32.39E-03
+190.00E-03,+621.68E-03,-32.39E-03
+191.00E-03,+622.23E-03,-32.39E-03
+192.00E-03,+624.19E-03,-32.39E-03
+193.00E-03,+624.19E-03,-32.39E-03
+194.00E-03,+625.37E-03,-32.39E-03
+195.00E-03,+625.45E-03,-32.39E-03
+196.00E-03,+626.31E-03,-32.39E-03
+197.00E-03,+627.96E-03,-32.39E-03
+198.00E-03,+627.96E-03,-32.39E-03
+199.00E-03,+628.12E-03,-32.39E-03
+200.00E-03,+630.47E-03,-32.39E-03
+201.00E-03,+630.63E-03,-32.39E-03
+202.00E-03,+632.12E-03,-32.39E-03
+203.00E-03,+632.99E-03,-32.39E-03
+204.00E-03,+633.77E-03,-32.39E-03
+205.00E-03,+633.93E-03,-32.39E-03
+206.00E-03,+634.24E-03,-32.39E-03
+207.00E-03,+636.60E-03,-32.39E-03
+208.00E-03,+636.36E-03,-32.39E-03
+209.00E-03,+638.01E-03,-32.39E-03
+210.00E-03,+638.48E-03,-32.39E-03
+211.00E-03,+640.52E-03,-32.39E-03
+212.00E-03,+643.12E-03,-32.39E-03
+213.00E-03,+644.29E-03,-32.39E-03
+214.00E-03,+645.55E-03,-32.39E-03
+215.00E-03,+648.77E-03,-32.39E-03
+216.00E-03,+650.57E-03,-32.39E-03
+217.00E-03,+650.57E-03,-32.39E-03
+218.00E-03,+651.83E-03,-32.39E-03
+219.00E-03,+654.19E-03,-32.39E-03
+220.00E-03,+653.32E-03,-32.39E-03
+221.00E-03,+657.64E-03,-32.39E-03
+222.00E-03,+655.60E-03,-32.39E-03
+223.00E-03,+655.99E-03,-32.39E-03
+224.00E-03,+656.86E-03,-32.39E-03
+225.00E-03,+656.86E-03,-32.39E-03
+226.00E-03,+658.11E-03,-32.39E-03
+227.00E-03,+658.90E-03,-32.39E-03
+228.00E-03,+660.62E-03,-32.39E-03
+229.00E-03,+661.02E-03,-32.39E-03
+230.00E-03,+661.33E-03,-32.39E-03
+231.00E-03,+661.96E-03,-32.39E-03
+232.00E-03,+661.96E-03,-32.39E-03
+233.00E-03,+664.39E-03,-32.39E-03
+234.00E-03,+665.02E-03,-32.39E-03
+235.00E-03,+666.12E-03,-32.39E-03
+236.00E-03,+669.10E-03,-32.39E-03
+237.00E-03,+668.16E-03,-32.39E-03
+238.00E-03,+666.98E-03,-32.39E-03
+239.00E-03,+670.36E-03,-32.39E-03
+240.00E-03,+669.42E-03,-32.39E-03
+241.00E-03,+666.98E-03,-32.39E-03
+242.00E-03,+669.03E-03,-32.39E-03
+243.00E-03,+668.24E-03,-32.39E-03
+244.00E-03,+669.42E-03,-32.39E-03
+245.00E-03,+670.36E-03,-32.39E-03
+246.00E-03,+670.67E-03,-32.39E-03
+247.00E-03,+672.48E-03,-32.39E-03
+248.00E-03,+674.44E-03,-32.39E-03
+249.00E-03,+677.11E-03,-32.39E-03
+250.00E-03,+678.21E-03,-32.39E-03
+251.00E-03,+681.51E-03,-32.39E-03
+252.00E-03,+688.66E-03,-32.39E-03
+253.00E-03,+692.03E-03,-32.39E-03
+254.00E-03,+692.03E-03,-32.39E-03
+255.00E-03,+693.29E-03,-32.39E-03
+256.00E-03,+694.54E-03,-32.39E-03
+257.00E-03,+694.54E-03,-32.39E-03
+258.00E-03,+695.80E-03,-32.39E-03
+259.00E-03,+697.06E-03,-32.39E-03
+260.00E-03,+698.78E-03,-32.39E-03
+261.00E-03,+702.08E-03,-32.39E-03
+262.00E-03,+703.34E-03,-32.39E-03
+263.00E-03,+704.44E-03,-32.39E-03
+264.00E-03,+705.85E-03,-32.39E-03
+265.00E-03,+706.32E-03,-32.39E-03
+266.00E-03,+708.99E-03,-32.39E-03
+267.00E-03,+708.36E-03,-32.39E-03
+268.00E-03,+708.36E-03,-32.39E-03
+269.00E-03,+709.54E-03,-32.39E-03
+270.00E-03,+711.58E-03,-32.39E-03
+271.00E-03,+712.13E-03,-32.39E-03
+272.00E-03,+713.39E-03,-32.39E-03
+273.00E-03,+714.64E-03,-32.39E-03
+274.00E-03,+713.55E-03,-32.39E-03
+275.00E-03,+717.08E-03,-32.39E-03
+276.00E-03,+715.67E-03,-32.39E-03
+277.00E-03,+717.94E-03,-32.39E-03
+278.00E-03,+719.67E-03,-32.39E-03
+279.00E-03,+718.41E-03,-32.39E-03
+280.00E-03,+722.18E-03,-32.39E-03
+281.00E-03,+723.44E-03,-32.39E-03
+282.00E-03,+725.79E-03,-32.39E-03
+283.00E-03,+726.82E-03,-32.39E-03
+284.00E-03,+728.54E-03,-32.39E-03
+285.00E-03,+729.72E-03,-32.39E-03
+286.00E-03,+731.92E-03,-32.39E-03
+287.00E-03,+732.31E-03,-32.39E-03
+288.00E-03,+734.75E-03,-32.39E-03
+289.00E-03,+737.26E-03,-32.39E-03
+290.00E-03,+738.51E-03,-32.39E-03
+291.00E-03,+740.32E-03,-32.39E-03
+292.00E-03,+742.28E-03,-32.39E-03
+293.00E-03,+743.62E-03,-32.39E-03
+294.00E-03,+744.72E-03,-32.39E-03
+295.00E-03,+745.03E-03,-32.39E-03
+296.00E-03,+746.05E-03,-32.39E-03
+297.00E-03,+747.23E-03,-32.39E-03
+298.00E-03,+749.82E-03,-32.39E-03
+299.00E-03,+750.84E-03,-32.39E-03
+300.00E-03,+752.25E-03,-32.39E-03
+301.00E-03,+752.33E-03,-32.39E-03
+302.00E-03,+753.98E-03,-32.39E-03
+303.00E-03,+755.47E-03,-32.39E-03
+304.00E-03,+758.61E-03,-32.39E-03
+305.00E-03,+760.11E-03,-32.39E-03
+306.00E-03,+762.38E-03,-32.39E-03
+307.00E-03,+763.48E-03,-32.39E-03
+308.00E-03,+763.25E-03,-32.39E-03
+309.00E-03,+764.90E-03,-32.39E-03
+310.00E-03,+764.90E-03,-32.39E-03
+311.00E-03,+765.84E-03,-32.39E-03
+312.00E-03,+767.25E-03,-32.39E-03
+313.00E-03,+766.23E-03,-32.39E-03
+314.00E-03,+768.66E-03,-32.39E-03
+315.00E-03,+769.37E-03,-32.39E-03
+316.00E-03,+771.81E-03,-32.39E-03
+317.00E-03,+772.43E-03,-32.39E-03
+318.00E-03,+773.93E-03,-32.39E-03
+319.00E-03,+774.95E-03,-32.39E-03
+320.00E-03,+778.72E-03,-32.39E-03
+321.00E-03,+780.76E-03,-32.39E-03
+322.00E-03,+780.60E-03,-32.39E-03
+323.00E-03,+781.23E-03,-32.39E-03
+324.00E-03,+782.88E-03,-32.39E-03
+325.00E-03,+786.17E-03,-32.39E-03
+326.00E-03,+785.78E-03,-32.39E-03
+327.00E-03,+786.25E-03,-32.39E-03
+328.00E-03,+788.14E-03,-32.39E-03
+329.00E-03,+788.77E-03,-32.39E-03
+330.00E-03,+791.51E-03,-32.39E-03
+331.00E-03,+792.53E-03,-32.39E-03
+332.00E-03,+793.79E-03,-32.39E-03
+333.00E-03,+794.65E-03,-32.39E-03
+334.00E-03,+796.93E-03,-32.39E-03
+335.00E-03,+796.30E-03,-32.39E-03
+336.00E-03,+799.05E-03,-32.39E-03
+337.00E-03,+800.15E-03,-32.39E-03
+338.00E-03,+801.33E-03,-32.39E-03
+339.00E-03,+803.53E-03,-32.39E-03
+340.00E-03,+805.10E-03,-32.39E-03
+341.00E-03,+806.35E-03,-32.39E-03
+342.00E-03,+806.67E-03,-32.39E-03
+343.00E-03,+807.61E-03,-32.39E-03
+344.00E-03,+808.87E-03,-32.39E-03
+345.00E-03,+811.06E-03,-32.39E-03
+346.00E-03,+810.91E-03,-32.39E-03
+347.00E-03,+812.63E-03,-32.39E-03
+348.00E-03,+815.54E-03,-32.39E-03
+349.00E-03,+815.15E-03,-32.39E-03
+350.00E-03,+817.66E-03,-32.39E-03
+351.00E-03,+818.68E-03,-32.39E-03
+352.00E-03,+820.96E-03,-32.39E-03
+353.00E-03,+821.43E-03,-32.39E-03
+354.00E-03,+823.08E-03,-32.39E-03
+355.00E-03,+823.94E-03,-32.39E-03
+356.00E-03,+826.30E-03,-32.39E-03
+357.00E-03,+826.45E-03,-32.39E-03
+358.00E-03,+827.08E-03,-32.39E-03
+359.00E-03,+829.59E-03,-32.39E-03
+360.00E-03,+832.42E-03,-32.39E-03
+361.00E-03,+836.50E-03,-32.39E-03
+362.00E-03,+837.60E-03,-32.39E-03
+363.00E-03,+837.76E-03,-32.39E-03
+364.00E-03,+839.02E-03,-32.39E-03
+365.00E-03,+840.27E-03,-32.39E-03
+366.00E-03,+841.53E-03,-32.39E-03
+367.00E-03,+842.79E-03,-32.39E-03
+368.00E-03,+846.40E-03,-32.39E-03
+369.00E-03,+845.30E-03,-32.39E-03
+370.00E-03,+847.81E-03,-32.39E-03
+371.00E-03,+847.34E-03,-32.39E-03
+372.00E-03,+849.07E-03,-32.39E-03
+373.00E-03,+850.32E-03,-32.39E-03
+374.00E-03,+851.58E-03,-32.39E-03
+375.00E-03,+854.01E-03,-32.39E-03
+376.00E-03,+855.35E-03,-32.39E-03
+377.00E-03,+857.86E-03,-32.39E-03
+378.00E-03,+862.26E-03,-32.39E-03
+379.00E-03,+864.14E-03,-32.39E-03
+380.00E-03,+867.60E-03,-32.39E-03
+381.00E-03,+866.65E-03,-32.39E-03
+382.00E-03,+866.73E-03,-32.39E-03
+383.00E-03,+870.03E-03,-32.39E-03
+384.00E-03,+870.42E-03,-32.39E-03
+385.00E-03,+871.68E-03,-32.39E-03
+386.00E-03,+872.94E-03,-32.39E-03
+387.00E-03,+874.19E-03,-32.39E-03
+388.00E-03,+874.19E-03,-32.39E-03
+389.00E-03,+876.39E-03,-32.39E-03
+390.00E-03,+877.41E-03,-32.39E-03
+391.00E-03,+877.33E-03,-32.39E-03
+392.00E-03,+878.83E-03,-32.39E-03
+393.00E-03,+879.30E-03,-32.39E-03
+394.00E-03,+881.73E-03,-32.39E-03
+395.00E-03,+882.99E-03,-32.39E-03
+396.00E-03,+885.03E-03,-32.39E-03
+397.00E-03,+886.76E-03,-32.39E-03
+398.00E-03,+889.66E-03,-32.39E-03
+399.00E-03,+892.17E-03,-32.39E-03
+400.00E-03,+895.55E-03,-32.39E-03
+401.00E-03,+897.83E-03,-32.39E-03
+402.00E-03,+898.06E-03,-32.39E-03
+403.00E-03,+898.61E-03,-32.39E-03
+404.00E-03,+900.57E-03,-32.39E-03
+405.00E-03,+899.55E-03,-32.39E-03
+406.00E-03,+901.83E-03,-32.39E-03
+407.00E-03,+902.93E-03,-32.39E-03
+408.00E-03,+905.60E-03,-32.39E-03
+409.00E-03,+906.23E-03,-32.39E-03
+410.00E-03,+908.58E-03,-32.39E-03
+411.00E-03,+910.62E-03,-32.39E-03
+412.00E-03,+914.24E-03,-32.39E-03
+413.00E-03,+915.65E-03,-32.39E-03
+414.00E-03,+915.89E-03,-32.39E-03
+415.00E-03,+918.87E-03,-32.39E-03
+416.00E-03,+920.52E-03,-32.39E-03
+417.00E-03,+923.50E-03,-32.39E-03
+418.00E-03,+926.96E-03,-32.39E-03
+419.00E-03,+928.21E-03,-32.39E-03
+420.00E-03,+929.47E-03,-32.39E-03
+421.00E-03,+931.12E-03,-32.39E-03
+422.00E-03,+931.27E-03,-32.39E-03
+423.00E-03,+931.98E-03,-32.39E-03
+424.00E-03,+932.14E-03,-32.39E-03
+425.00E-03,+934.49E-03,-32.39E-03
+426.00E-03,+936.77E-03,-32.39E-03
+427.00E-03,+938.66E-03,-32.39E-03
+428.00E-03,+940.78E-03,-32.39E-03
+429.00E-03,+941.17E-03,-32.39E-03
+430.00E-03,+943.52E-03,-32.39E-03
+431.00E-03,+944.54E-03,-32.39E-03
+432.00E-03,+947.06E-03,-32.39E-03
+433.00E-03,+949.18E-03,-32.39E-03
+434.00E-03,+950.20E-03,-32.39E-03
+435.00E-03,+953.34E-03,-32.39E-03
+436.00E-03,+953.57E-03,-32.39E-03
+437.00E-03,+955.85E-03,-32.39E-03
+438.00E-03,+958.36E-03,-32.39E-03
+439.00E-03,+959.86E-03,-32.39E-03
+440.00E-03,+962.37E-03,-32.39E-03
+441.00E-03,+962.68E-03,-32.39E-03
+442.00E-03,+964.64E-03,-32.39E-03
+443.00E-03,+965.90E-03,-32.39E-03
+444.00E-03,+965.90E-03,-32.39E-03
+445.00E-03,+968.41E-03,-32.39E-03
+446.00E-03,+970.46E-03,-32.39E-03
+447.00E-03,+970.93E-03,-32.39E-03
+448.00E-03,+972.97E-03,-32.39E-03
+449.00E-03,+973.60E-03,-32.39E-03
+450.00E-03,+974.70E-03,-32.39E-03
+451.00E-03,+978.23E-03,-32.39E-03
+452.00E-03,+977.99E-03,-32.39E-03
+453.00E-03,+980.35E-03,-32.39E-03
+454.00E-03,+982.63E-03,-32.39E-03
+455.00E-03,+984.75E-03,-32.39E-03
+456.00E-03,+986.00E-03,-32.39E-03
+457.00E-03,+987.10E-03,-32.39E-03
+458.00E-03,+988.51E-03,-32.39E-03
+459.00E-03,+990.32E-03,-31.14E-03
+460.00E-03,+991.50E-03,-32.39E-03
+461.00E-03,+993.54E-03,-32.39E-03
+462.00E-03,+996.13E-03,-32.39E-03
+463.00E-03,+998.56E-03,-32.39E-03
+464.00E-03,+1.00233E+00,-32.39E-03
+465.00E-03,+1.00383E+00,-32.39E-03
+466.00E-03,+1.00610E+00,-32.39E-03
+467.00E-03,+1.00861E+00,-32.39E-03
+468.00E-03,+1.00995E+00,-32.39E-03
+469.00E-03,+1.01113E+00,-32.39E-03
+470.00E-03,+1.01333E+00,-32.39E-03
+471.00E-03,+1.01364E+00,-32.39E-03
+472.00E-03,+1.01490E+00,-32.39E-03
+473.00E-03,+1.01615E+00,-32.39E-03
+474.00E-03,+1.01631E+00,-32.39E-03
+475.00E-03,+1.01741E+00,-32.39E-03
+476.00E-03,+1.01866E+00,-32.39E-03
+477.00E-03,+1.02118E+00,-32.39E-03
+478.00E-03,+1.02432E+00,-32.39E-03
+479.00E-03,+1.02620E+00,-32.39E-03
+480.00E-03,+1.02769E+00,-32.39E-03
+481.00E-03,+1.03115E+00,-32.39E-03
+482.00E-03,+1.03123E+00,-32.39E-03
+483.00E-03,+1.03335E+00,-32.39E-03
+484.00E-03,+1.03555E+00,-32.39E-03
+485.00E-03,+1.03798E+00,-32.39E-03
+486.00E-03,+1.03900E+00,-32.39E-03
+487.00E-03,+1.04010E+00,-32.39E-03
+488.00E-03,+1.04238E+00,-32.39E-03
+489.00E-03,+1.04403E+00,-32.39E-03
+490.00E-03,+1.04505E+00,-32.39E-03
+491.00E-03,+1.04756E+00,-32.39E-03
+492.00E-03,+1.04882E+00,-32.39E-03
+493.00E-03,+1.04991E+00,-32.39E-03
+494.00E-03,+1.05133E+00,-32.39E-03
+495.00E-03,+1.05384E+00,-32.39E-03
+496.00E-03,+1.05635E+00,-32.39E-03
+497.00E-03,+1.05816E+00,-32.39E-03
+498.00E-03,+1.06091E+00,-32.39E-03
+499.00E-03,+1.06138E+00,-32.39E-03
+500.00E-03,+1.06263E+00,-32.39E-03
+501.00E-03,+1.06491E+00,-32.39E-03
+502.00E-03,+1.06719E+00,-32.39E-03
+503.00E-03,+1.06892E+00,-32.39E-03
+504.00E-03,+1.07017E+00,-32.39E-03
+505.00E-03,+1.07268E+00,-32.39E-03
+506.00E-03,+1.07268E+00,-32.39E-03
+507.00E-03,+1.07520E+00,-32.39E-03
+508.00E-03,+1.07677E+00,-32.39E-03
+509.00E-03,+1.07959E+00,-32.39E-03
+510.00E-03,+1.08274E+00,-32.39E-03
+511.00E-03,+1.08650E+00,-32.39E-03
+512.00E-03,+1.08776E+00,-32.24E-03
+513.00E-03,+1.09012E+00,-30.20E-03
+514.00E-03,+1.09051E+00,-32.39E-03
+515.00E-03,+1.09404E+00,-32.39E-03
+516.00E-03,+1.09585E+00,-32.39E-03
+517.00E-03,+1.09742E+00,-32.39E-03
+518.00E-03,+1.09907E+00,-32.39E-03
+519.00E-03,+1.09907E+00,-32.39E-03
+520.00E-03,+1.10056E+00,-32.39E-03
+521.00E-03,+1.10236E+00,-32.39E-03
+522.00E-03,+1.10409E+00,-32.39E-03
+523.00E-03,+1.10535E+00,-32.39E-03
+524.00E-03,+1.10786E+00,-32.39E-03
+525.00E-03,+1.10912E+00,-32.39E-03
+526.00E-03,+1.11037E+00,-32.39E-03
+527.00E-03,+1.11579E+00,-32.39E-03
+528.00E-03,+1.11665E+00,-32.39E-03
+529.00E-03,+1.12074E+00,-32.39E-03
+530.00E-03,+1.12042E+00,-32.39E-03
+531.00E-03,+1.12168E+00,-32.39E-03
+532.00E-03,+1.12294E+00,-32.39E-03
+533.00E-03,+1.12600E+00,-32.39E-03
+534.00E-03,+1.12796E+00,-32.39E-03
+535.00E-03,+1.12843E+00,-32.39E-03
+536.00E-03,+1.13173E+00,-32.39E-03
+537.00E-03,+1.13299E+00,-32.39E-03
+538.00E-03,+1.13424E+00,-32.39E-03
+539.00E-03,+1.13738E+00,-32.39E-03
+540.00E-03,+1.13676E+00,-32.39E-03
+541.00E-03,+1.13927E+00,-32.39E-03
+542.00E-03,+1.13958E+00,-32.39E-03
+543.00E-03,+1.14304E+00,-32.39E-03
+544.00E-03,+1.14421E+00,-32.39E-03
+545.00E-03,+1.14555E+00,-32.39E-03
+546.00E-03,+1.14633E+00,-32.39E-03
+547.00E-03,+1.14861E+00,-32.39E-03
+548.00E-03,+1.15183E+00,-32.39E-03
+549.00E-03,+1.15450E+00,-32.39E-03
+550.00E-03,+1.15560E+00,-32.39E-03
+551.00E-03,+1.15811E+00,-32.39E-03
+552.00E-03,+1.15937E+00,-32.39E-03
+553.00E-03,+1.16243E+00,-32.39E-03
+554.00E-03,+1.16479E+00,-32.39E-03
+555.00E-03,+1.16612E+00,-30.51E-03
+556.00E-03,+1.16942E+00,-32.39E-03
+557.00E-03,+1.17052E+00,-32.39E-03
+558.00E-03,+1.17279E+00,-32.39E-03
+559.00E-03,+1.17382E+00,-32.39E-03
+560.00E-03,+1.17570E+00,-32.39E-03
+561.00E-03,+1.17845E+00,-32.39E-03
+562.00E-03,+1.18308E+00,-32.39E-03
+563.00E-03,+1.18559E+00,-32.39E-03
+564.00E-03,+1.18701E+00,-32.39E-03
+565.00E-03,+1.18873E+00,-32.39E-03
+566.00E-03,+1.19133E+00,-32.39E-03
+567.00E-03,+1.19203E+00,-32.39E-03
+568.00E-03,+1.19454E+00,-32.39E-03
+569.00E-03,+1.19816E+00,-32.39E-03
+570.00E-03,+1.19831E+00,-32.39E-03
+571.00E-03,+1.20161E+00,-32.39E-03
+572.00E-03,+1.20389E+00,-32.39E-03
+573.00E-03,+1.20373E+00,-32.39E-03
+574.00E-03,+1.20687E+00,-32.39E-03
+575.00E-03,+1.20962E+00,-32.39E-03
+576.00E-03,+1.21252E+00,-32.39E-03
+577.00E-03,+1.21378E+00,-32.39E-03
+578.00E-03,+1.21464E+00,-32.39E-03
+579.00E-03,+1.21755E+00,-31.61E-03
+580.00E-03,+1.21967E+00,-32.39E-03
+581.00E-03,+1.22344E+00,-32.39E-03
+582.00E-03,+1.22470E+00,-32.39E-03
+583.00E-03,+1.22901E+00,-32.39E-03
+584.00E-03,+1.23098E+00,-32.39E-03
+585.00E-03,+1.23349E+00,-32.39E-03
+586.00E-03,+1.23475E+00,-32.39E-03
+587.00E-03,+1.23608E+00,-30.20E-03
+588.00E-03,+1.23851E+00,-32.39E-03
+589.00E-03,+1.24103E+00,-32.39E-03
+590.00E-03,+1.24299E+00,-32.39E-03
+591.00E-03,+1.24535E+00,-32.39E-03
+592.00E-03,+1.24856E+00,-30.67E-03
+593.00E-03,+1.24990E+00,-32.39E-03
+594.00E-03,+1.25233E+00,-29.88E-03
+595.00E-03,+1.25359E+00,-32.39E-03
+596.00E-03,+1.25485E+00,-31.61E-03
+597.00E-03,+1.25791E+00,-31.14E-03
+598.00E-03,+1.25987E+00,-32.39E-03
+599.00E-03,+1.26254E+00,-32.39E-03
+600.00E-03,+1.26490E+00,-32.39E-03
+601.00E-03,+1.26843E+00,-32.39E-03
+602.00E-03,+1.27118E+00,-32.39E-03
+603.00E-03,+1.27306E+00,-32.39E-03
+604.00E-03,+1.27660E+00,-32.39E-03
+605.00E-03,+1.27895E+00,-32.39E-03
+606.00E-03,+1.27997E+00,-32.39E-03
+607.00E-03,+1.28248E+00,-32.39E-03
+608.00E-03,+1.28555E+00,-32.39E-03
+609.00E-03,+1.28751E+00,-32.39E-03
+610.00E-03,+1.28947E+00,-32.39E-03
+611.00E-03,+1.29002E+00,-32.39E-03
+612.00E-03,+1.29026E+00,-32.39E-03
+613.00E-03,+1.29379E+00,-32.39E-03
+614.00E-03,+1.29599E+00,-32.39E-03
+615.00E-03,+1.29827E+00,-32.39E-03
+616.00E-03,+1.30188E+00,-32.39E-03
+617.00E-03,+1.30510E+00,-32.39E-03
+618.00E-03,+1.30871E+00,-32.39E-03
+619.00E-03,+1.31004E+00,-32.39E-03
+620.00E-03,+1.31232E+00,-32.39E-03
+621.00E-03,+1.31350E+00,-32.39E-03
+622.00E-03,+1.31570E+00,-32.39E-03
+623.00E-03,+1.31719E+00,-32.39E-03
+624.00E-03,+1.32057E+00,-32.39E-03
+625.00E-03,+1.32394E+00,-32.39E-03
+626.00E-03,+1.32645E+00,-32.39E-03
+627.00E-03,+1.32810E+00,-32.39E-03
+628.00E-03,+1.32959E+00,-32.39E-03
+629.00E-03,+1.33274E+00,-32.39E-03
+630.00E-03,+1.33368E+00,-32.39E-03
+631.00E-03,+1.33525E+00,-32.39E-03
+632.00E-03,+1.33784E+00,-32.39E-03
+633.00E-03,+1.34153E+00,-32.39E-03
+634.00E-03,+1.34341E+00,-32.39E-03
+635.00E-03,+1.34703E+00,-32.39E-03
+636.00E-03,+1.34805E+00,-32.39E-03
+637.00E-03,+1.35032E+00,-32.39E-03
+638.00E-03,+1.35040E+00,-32.39E-03
+639.00E-03,+1.35378E+00,-32.39E-03
+640.00E-03,+1.35605E+00,-32.39E-03
+641.00E-03,+1.35841E+00,-32.39E-03
+642.00E-03,+1.35943E+00,-32.39E-03
+643.00E-03,+1.36289E+00,-32.39E-03
+644.00E-03,+1.36658E+00,-32.39E-03
+645.00E-03,+1.36917E+00,-32.39E-03
+646.00E-03,+1.37168E+00,-32.39E-03
+647.00E-03,+1.37349E+00,-32.39E-03
+648.00E-03,+1.37584E+00,-32.39E-03
+649.00E-03,+1.37922E+00,-32.39E-03
+650.00E-03,+1.38173E+00,-32.39E-03
+651.00E-03,+1.38424E+00,-32.39E-03
+652.00E-03,+1.38754E+00,-32.39E-03
+653.00E-03,+1.38927E+00,-32.39E-03
+654.00E-03,+1.39092E+00,-32.39E-03
+655.00E-03,+1.39453E+00,-32.39E-03
+656.00E-03,+1.39681E+00,-32.39E-03
+657.00E-03,+1.39814E+00,-32.39E-03
+658.00E-03,+1.40018E+00,-32.39E-03
+659.00E-03,+1.40191E+00,-32.39E-03
+660.00E-03,+1.40481E+00,-32.39E-03
+661.00E-03,+1.40811E+00,-32.39E-03
+662.00E-03,+1.40937E+00,-32.39E-03
+663.00E-03,+1.41188E+00,-32.24E-03
+664.00E-03,+1.41534E+00,-32.39E-03
+665.00E-03,+1.41761E+00,-32.39E-03
+666.00E-03,+1.42005E+00,-32.39E-03
+667.00E-03,+1.42476E+00,-32.39E-03
+668.00E-03,+1.42594E+00,-30.20E-03
+669.00E-03,+1.42947E+00,-32.39E-03
+670.00E-03,+1.43041E+00,-32.39E-03
+671.00E-03,+1.43402E+00,-32.39E-03
+672.00E-03,+1.43575E+00,-32.39E-03
+673.00E-03,+1.43654E+00,-30.82E-03
+674.00E-03,+1.43826E+00,-32.39E-03
+675.00E-03,+1.44070E+00,-30.04E-03
+676.00E-03,+1.44305E+00,-32.39E-03
+677.00E-03,+1.44368E+00,-32.39E-03
+678.00E-03,+1.44454E+00,-32.39E-03
+679.00E-03,+1.44792E+00,-32.39E-03
+680.00E-03,+1.45106E+00,-32.39E-03
+681.00E-03,+1.45334E+00,-32.39E-03
+682.00E-03,+1.45585E+00,-32.39E-03
+683.00E-03,+1.45923E+00,-32.39E-03
+684.00E-03,+1.46213E+00,-32.39E-03
+685.00E-03,+1.46284E+00,-32.39E-03
+686.00E-03,+1.46614E+00,-32.39E-03
+687.00E-03,+1.46951E+00,-32.24E-03
+688.00E-03,+1.47077E+00,-32.39E-03
+689.00E-03,+1.47438E+00,-32.39E-03
+690.00E-03,+1.47642E+00,-32.39E-03
+691.00E-03,+1.48027E+00,-32.39E-03
+692.00E-03,+1.48380E+00,-32.39E-03
+693.00E-03,+1.48459E+00,-32.39E-03
+694.00E-03,+1.48600E+00,-32.39E-03
+695.00E-03,+1.48820E+00,-30.51E-03
+696.00E-03,+1.48977E+00,-29.88E-03
+697.00E-03,+1.49228E+00,-32.39E-03
+698.00E-03,+1.49268E+00,-31.61E-03
+699.00E-03,+1.49495E+00,-32.39E-03
+700.00E-03,+1.49723E+00,-32.39E-03
+701.00E-03,+1.50061E+00,-32.39E-03
+702.00E-03,+1.50312E+00,-32.39E-03
+703.00E-03,+1.50485E+00,-32.39E-03
+704.00E-03,+1.50649E+00,-30.82E-03
+705.00E-03,+1.50956E+00,-32.39E-03
+706.00E-03,+1.51113E+00,-32.39E-03
+707.00E-03,+1.51364E+00,-32.39E-03
+708.00E-03,+1.51450E+00,-32.39E-03
+709.00E-03,+1.51615E+00,-32.39E-03
+710.00E-03,+1.51914E+00,-32.39E-03
+711.00E-03,+1.52267E+00,-32.39E-03
+712.00E-03,+1.52879E+00,-32.39E-03
+713.00E-03,+1.52997E+00,-32.39E-03
+714.00E-03,+1.53248E+00,-32.39E-03
+715.00E-03,+1.53523E+00,-32.39E-03
+716.00E-03,+1.53806E+00,-32.39E-03
+717.00E-03,+1.54128E+00,-32.39E-03
+718.00E-03,+1.54379E+00,-32.39E-03
+719.00E-03,+1.54497E+00,-32.39E-03
+720.00E-03,+1.54725E+00,-32.39E-03
+721.00E-03,+1.54960E+00,-32.39E-03
+722.00E-03,+1.55196E+00,-32.39E-03
+723.00E-03,+1.55251E+00,-32.39E-03
+724.00E-03,+1.55675E+00,-32.39E-03
+725.00E-03,+1.56012E+00,-32.39E-03
+726.00E-03,+1.56028E+00,-32.39E-03
+727.00E-03,+1.56428E+00,-32.39E-03
+728.00E-03,+1.56766E+00,-32.39E-03
+729.00E-03,+1.57143E+00,-32.39E-03
+730.00E-03,+1.57394E+00,-32.39E-03
+731.00E-03,+1.57771E+00,-32.39E-03
+732.00E-03,+1.57991E+00,-32.39E-03
+733.00E-03,+1.58234E+00,-32.39E-03
+734.00E-03,+1.58454E+00,-32.39E-03
+735.00E-03,+1.58823E+00,-32.39E-03
+736.00E-03,+1.59279E+00,-29.88E-03
+737.00E-03,+1.59279E+00,-32.39E-03
+738.00E-03,+1.59404E+00,-32.39E-03
+739.00E-03,+1.59750E+00,-31.92E-03
+740.00E-03,+1.60103E+00,-32.39E-03
+741.00E-03,+1.60346E+00,-31.14E-03
+742.00E-03,+1.60598E+00,-32.39E-03
+743.00E-03,+1.60912E+00,-32.39E-03
+744.00E-03,+1.61029E+00,-32.39E-03
+745.00E-03,+1.61257E+00,-32.39E-03
+746.00E-03,+1.61618E+00,-31.61E-03
+747.00E-03,+1.61846E+00,-32.39E-03
+748.00E-03,+1.62121E+00,-32.39E-03
+749.00E-03,+1.62671E+00,-32.39E-03
+750.00E-03,+1.62922E+00,-32.39E-03
+751.00E-03,+1.63252E+00,-32.39E-03
+752.00E-03,+1.63715E+00,-32.39E-03
+753.00E-03,+1.63927E+00,-32.39E-03
+754.00E-03,+1.64139E+00,-29.88E-03
+755.00E-03,+1.64351E+00,-32.39E-03
+756.00E-03,+1.64790E+00,-32.39E-03
+757.00E-03,+1.64916E+00,-32.39E-03
+758.00E-03,+1.65057E+00,-32.39E-03
+759.00E-03,+1.65372E+00,-32.39E-03
+760.00E-03,+1.65529E+00,-32.39E-03
+761.00E-03,+1.65811E+00,-32.39E-03
+762.00E-03,+1.65945E+00,-32.39E-03
+763.00E-03,+1.66314E+00,-32.39E-03
+764.00E-03,+1.66596E+00,-32.39E-03
+765.00E-03,+1.66761E+00,-32.39E-03
+766.00E-03,+1.67122E+00,-32.39E-03
+767.00E-03,+1.67476E+00,-32.39E-03
+768.00E-03,+1.67829E+00,-32.39E-03
+769.00E-03,+1.68073E+00,-32.39E-03
+770.00E-03,+1.68324E+00,-32.39E-03
+771.00E-03,+1.68528E+00,-32.39E-03
+772.00E-03,+1.68881E+00,-32.39E-03
+773.00E-03,+1.69078E+00,-32.39E-03
+774.00E-03,+1.69431E+00,-32.39E-03
+775.00E-03,+1.69580E+00,-32.39E-03
+776.00E-03,+1.70059E+00,-32.39E-03
+777.00E-03,+1.70161E+00,-32.39E-03
+778.00E-03,+1.70585E+00,-32.39E-03
+779.00E-03,+1.70671E+00,-32.39E-03
+780.00E-03,+1.71111E+00,-32.39E-03
+781.00E-03,+1.71464E+00,-32.39E-03
+782.00E-03,+1.71826E+00,-32.24E-03
+783.00E-03,+1.72053E+00,-32.39E-03
+784.00E-03,+1.72407E+00,-32.39E-03
+785.00E-03,+1.72438E+00,-32.39E-03
+786.00E-03,+1.72744E+00,-32.39E-03
+787.00E-03,+1.73098E+00,-29.88E-03
+788.00E-03,+1.73333E+00,-29.88E-03
+789.00E-03,+1.73475E+00,-32.39E-03
+790.00E-03,+1.73851E+00,-32.39E-03
+791.00E-03,+1.74032E+00,-32.39E-03
+792.00E-03,+1.74354E+00,-32.39E-03
+793.00E-03,+1.74605E+00,-32.39E-03
+794.00E-03,+1.74731E+00,-32.39E-03
+795.00E-03,+1.75076E+00,-32.39E-03
+796.00E-03,+1.75265E+00,-32.39E-03
+797.00E-03,+1.75610E+00,-32.39E-03
+798.00E-03,+1.75940E+00,-32.39E-03
+799.00E-03,+1.76278E+00,-32.39E-03
+800.00E-03,+1.76490E+00,-32.39E-03
+801.00E-03,+1.76945E+00,-32.39E-03
+802.00E-03,+1.77118E+00,-30.82E-03
+803.00E-03,+1.77424E+00,-31.14E-03
+804.00E-03,+1.77620E+00,-31.61E-03
+805.00E-03,+1.77817E+00,-32.39E-03
+806.00E-03,+1.78005E+00,-32.39E-03
+807.00E-03,+1.78484E+00,-32.39E-03
+808.00E-03,+1.78932E+00,-32.39E-03
+809.00E-03,+1.79316E+00,-32.39E-03
+810.00E-03,+1.79505E+00,-32.39E-03
+811.00E-03,+1.79560E+00,-32.39E-03
+812.00E-03,+1.80007E+00,-32.39E-03
+813.00E-03,+1.80243E+00,-32.39E-03
+814.00E-03,+1.80258E+00,-32.39E-03
+815.00E-03,+1.80580E+00,-32.39E-03
+816.00E-03,+1.80887E+00,-32.39E-03
+817.00E-03,+1.81012E+00,-32.39E-03
+818.00E-03,+1.81397E+00,-32.39E-03
+819.00E-03,+1.81640E+00,-32.39E-03
+820.00E-03,+1.82111E+00,-32.39E-03
+821.00E-03,+1.82268E+00,-32.39E-03
+822.00E-03,+1.82394E+00,-31.14E-03
+823.00E-03,+1.82850E+00,-32.39E-03
+824.00E-03,+1.83289E+00,-32.08E-03
+825.00E-03,+1.83643E+00,-32.39E-03
+826.00E-03,+1.83666E+00,-32.39E-03
+827.00E-03,+1.83980E+00,-32.39E-03
+828.00E-03,+1.84334E+00,-31.14E-03
+829.00E-03,+1.84569E+00,-32.39E-03
+830.00E-03,+1.84805E+00,-32.39E-03
+831.00E-03,+1.85158E+00,-32.39E-03
+832.00E-03,+1.85629E+00,-32.39E-03
+833.00E-03,+1.85660E+00,-32.39E-03
+834.00E-03,+1.85967E+00,-32.39E-03
+835.00E-03,+1.86461E+00,-32.39E-03
+836.00E-03,+1.86815E+00,-32.39E-03
+837.00E-03,+1.87144E+00,-32.39E-03
+838.00E-03,+1.87301E+00,-32.39E-03
+839.00E-03,+1.87694E+00,-32.39E-03
+840.00E-03,+1.88118E+00,-32.39E-03
+841.00E-03,+1.88299E+00,-32.39E-03
+842.00E-03,+1.88526E+00,-32.39E-03
+843.00E-03,+1.88699E+00,-32.39E-03
+844.00E-03,+1.89052E+00,-32.39E-03
+845.00E-03,+1.89524E+00,-32.39E-03
+846.00E-03,+1.89555E+00,-32.39E-03
+847.00E-03,+1.90050E+00,-32.39E-03
+848.00E-03,+1.90309E+00,-32.39E-03
+849.00E-03,+1.90560E+00,-32.39E-03
+850.00E-03,+1.90811E+00,-32.39E-03
+851.00E-03,+1.91290E+00,-32.39E-03
+852.00E-03,+1.91518E+00,-32.39E-03
+853.00E-03,+1.91746E+00,-32.39E-03
+854.00E-03,+1.92154E+00,-32.39E-03
+855.00E-03,+1.92342E+00,-32.39E-03
+856.00E-03,+1.92821E+00,-32.39E-03
+857.00E-03,+1.92931E+00,-32.39E-03
+858.00E-03,+1.93159E+00,-32.39E-03
+859.00E-03,+1.93379E+00,-32.39E-03
+860.00E-03,+1.93701E+00,-32.39E-03
+861.00E-03,+1.93921E+00,-32.39E-03
+862.00E-03,+1.94329E+00,-32.39E-03
+863.00E-03,+1.94690E+00,-30.20E-03
+864.00E-03,+1.95302E+00,-32.39E-03
+865.00E-03,+1.95585E+00,-32.39E-03
+866.00E-03,+1.95836E+00,-29.88E-03
+867.00E-03,+1.95938E+00,-32.39E-03
+868.00E-03,+1.96472E+00,-32.39E-03
+869.00E-03,+1.96716E+00,-32.39E-03
+870.00E-03,+1.97061E+00,-30.51E-03
+871.00E-03,+1.97297E+00,-32.39E-03
+872.00E-03,+1.97524E+00,-32.39E-03
+873.00E-03,+1.97760E+00,-32.39E-03
+874.00E-03,+1.97972E+00,-32.39E-03
+875.00E-03,+1.98098E+00,-32.39E-03
+876.00E-03,+1.98679E+00,-32.39E-03
+877.00E-03,+1.98639E+00,-32.39E-03
+878.00E-03,+1.98851E+00,-32.39E-03
+879.00E-03,+1.98938E+00,-32.39E-03
+880.00E-03,+1.99503E+00,-30.51E-03
+881.00E-03,+1.99974E+00,-32.39E-03
+882.00E-03,+2.00092E+00,-32.39E-03
+883.00E-03,+2.00414E+00,-32.39E-03
+884.00E-03,+2.00791E+00,-32.39E-03
+885.00E-03,+2.01238E+00,-32.39E-03
+886.00E-03,+2.01450E+00,-32.39E-03
+887.00E-03,+2.01749E+00,-32.39E-03
+888.00E-03,+2.02094E+00,-32.39E-03
+889.00E-03,+2.02338E+00,-32.39E-03
+890.00E-03,+2.02565E+00,-32.39E-03
+891.00E-03,+2.02926E+00,-32.39E-03
+892.00E-03,+2.03405E+00,-32.39E-03
+893.00E-03,+2.03610E+00,-32.24E-03
+894.00E-03,+2.03877E+00,-32.39E-03
+895.00E-03,+2.04096E+00,-30.51E-03
+896.00E-03,+2.04662E+00,-32.39E-03
+897.00E-03,+2.05133E+00,-32.39E-03
+898.00E-03,+2.05463E+00,-30.82E-03
+899.00E-03,+2.05651E+00,-32.39E-03
+900.00E-03,+2.06012E+00,-32.39E-03
+901.00E-03,+2.06154E+00,-32.39E-03
+902.00E-03,+2.06680E+00,-32.39E-03
+903.00E-03,+2.06954E+00,-32.39E-03
+904.00E-03,+2.07308E+00,-32.39E-03
+905.00E-03,+2.07543E+00,-32.39E-03
+906.00E-03,+2.07897E+00,-32.39E-03
+907.00E-03,+2.08116E+00,-32.39E-03
+908.00E-03,+2.08274E+00,-32.39E-03
+909.00E-03,+2.08454E+00,-32.39E-03
+910.00E-03,+2.08902E+00,-32.39E-03
+911.00E-03,+2.09114E+00,-31.92E-03
+912.00E-03,+2.09655E+00,-32.39E-03
+913.00E-03,+2.09781E+00,-32.39E-03
+914.00E-03,+2.10284E+00,-31.92E-03
+915.00E-03,+2.10755E+00,-32.39E-03
+916.00E-03,+2.11100E+00,-31.14E-03
+917.00E-03,+2.11289E+00,-32.39E-03
+918.00E-03,+2.11540E+00,-32.39E-03
+919.00E-03,+2.11783E+00,-32.39E-03
+920.00E-03,+2.12066E+00,-32.39E-03
+921.00E-03,+2.12372E+00,-30.82E-03
+922.00E-03,+2.12663E+00,-32.39E-03
+923.00E-03,+2.13212E+00,-29.88E-03
+924.00E-03,+2.13424E+00,-32.39E-03
+925.00E-03,+2.13801E+00,-32.39E-03
+926.00E-03,+2.14068E+00,-32.39E-03
+927.00E-03,+2.14469E+00,-32.39E-03
+928.00E-03,+2.14806E+00,-32.39E-03
+929.00E-03,+2.14885E+00,-32.39E-03
+930.00E-03,+2.15230E+00,-29.88E-03
+931.00E-03,+2.15693E+00,-32.39E-03
+932.00E-03,+2.16172E+00,-32.39E-03
+933.00E-03,+2.16439E+00,-32.39E-03
+934.00E-03,+2.16824E+00,-32.39E-03
+935.00E-03,+2.17162E+00,-32.39E-03
+936.00E-03,+2.17719E+00,-32.39E-03
+937.00E-03,+2.17955E+00,-32.39E-03
+938.00E-03,+2.18308E+00,-30.20E-03
+939.00E-03,+2.18544E+00,-31.92E-03
+940.00E-03,+2.18646E+00,-32.39E-03
+941.00E-03,+2.18826E+00,-32.39E-03
+942.00E-03,+2.19203E+00,-32.39E-03
+943.00E-03,+2.19462E+00,-32.39E-03
+944.00E-03,+2.19706E+00,-32.39E-03
+945.00E-03,+2.19957E+00,-32.39E-03
+946.00E-03,+2.20318E+00,-29.88E-03
+947.00E-03,+2.20766E+00,-29.88E-03
+948.00E-03,+2.20962E+00,-29.88E-03
+949.00E-03,+2.21378E+00,-32.39E-03
+950.00E-03,+2.21590E+00,-32.39E-03
+951.00E-03,+2.22171E+00,-32.39E-03
+952.00E-03,+2.22344E+00,-32.39E-03
+953.00E-03,+2.22846E+00,-32.39E-03
+954.00E-03,+2.23310E+00,-31.61E-03
+955.00E-03,+2.23624E+00,-29.88E-03
+956.00E-03,+2.23844E+00,-30.04E-03
+957.00E-03,+2.23977E+00,-32.39E-03
+958.00E-03,+2.24385E+00,-32.39E-03
+959.00E-03,+2.24809E+00,-32.39E-03
+960.00E-03,+2.25029E+00,-32.39E-03
+961.00E-03,+2.25359E+00,-32.39E-03
+962.00E-03,+2.25626E+00,-32.39E-03
+963.00E-03,+2.26333E+00,-32.39E-03
+964.00E-03,+2.26364E+00,-32.39E-03
+965.00E-03,+2.26537E+00,-32.39E-03
+966.00E-03,+2.27031E+00,-32.39E-03
+967.00E-03,+2.27400E+00,-32.39E-03
+968.00E-03,+2.27746E+00,-32.39E-03
+969.00E-03,+2.27981E+00,-32.39E-03
+970.00E-03,+2.28445E+00,-29.88E-03
+971.00E-03,+2.28908E+00,-29.88E-03
+972.00E-03,+2.29183E+00,-31.14E-03
+973.00E-03,+2.29379E+00,-32.39E-03
+974.00E-03,+2.29560E+00,-29.88E-03
+975.00E-03,+2.30133E+00,-32.39E-03
+976.00E-03,+2.30400E+00,-30.35E-03
+977.00E-03,+2.30761E+00,-32.39E-03
+978.00E-03,+2.30887E+00,-32.39E-03
+979.00E-03,+2.31303E+00,-31.61E-03
+980.00E-03,+2.31538E+00,-31.92E-03
+981.00E-03,+2.31648E+00,-32.39E-03
+982.00E-03,+2.32002E+00,-32.24E-03
+983.00E-03,+2.32606E+00,-32.39E-03
+984.00E-03,+2.33211E+00,-32.39E-03
+985.00E-03,+2.33446E+00,-32.39E-03
+986.00E-03,+2.33800E+00,-31.92E-03
+987.00E-03,+2.34027E+00,-30.20E-03
+988.00E-03,+2.34388E+00,-32.39E-03
+989.00E-03,+2.34428E+00,-32.39E-03
+990.00E-03,+2.34852E+00,-29.88E-03
+991.00E-03,+2.35268E+00,-32.39E-03
+992.00E-03,+2.35660E+00,-32.39E-03
+993.00E-03,+2.35794E+00,-32.39E-03
+994.00E-03,+2.36147E+00,-32.39E-03
+995.00E-03,+2.36383E+00,-32.39E-03
+996.00E-03,+2.36665E+00,-32.39E-03
+997.00E-03,+2.36972E+00,-32.39E-03
+998.00E-03,+2.37419E+00,-32.39E-03
+999.00E-03,+2.38047E+00,-32.39E-03
+1.00000E+00,+2.38299E+00,-32.39E-03
+1.00100E+00,+2.38880E+00,-32.39E-03
+1.00200E+00,+2.39131E+00,-32.39E-03
+1.00300E+00,+2.39555E+00,-32.39E-03
+1.00400E+00,+2.39633E+00,-32.39E-03
+1.00500E+00,+2.39955E+00,-32.39E-03
+1.00600E+00,+2.40183E+00,-32.39E-03
+1.00700E+00,+2.40419E+00,-32.24E-03
+1.00800E+00,+2.40591E+00,-31.77E-03
+1.00900E+00,+2.40811E+00,-32.39E-03
+1.01000E+00,+2.41337E+00,-32.39E-03
+1.01100E+00,+2.41942E+00,-32.39E-03
+1.01200E+00,+2.42193E+00,-32.24E-03
+1.01300E+00,+2.42444E+00,-29.88E-03
+1.01400E+00,+2.42853E+00,-32.39E-03
+1.01500E+00,+2.43269E+00,-32.39E-03
+1.01600E+00,+2.43504E+00,-32.39E-03
+1.01700E+00,+2.43787E+00,-32.39E-03
+1.01800E+00,+2.43975E+00,-32.39E-03
+1.01900E+00,+2.44447E+00,-32.39E-03
+1.02000E+00,+2.44831E+00,-32.39E-03
+1.02100E+00,+2.44996E+00,-32.39E-03
+1.02200E+00,+2.45326E+00,-32.39E-03
+1.02300E+00,+2.45711E+00,-32.39E-03
+1.02400E+00,+2.46339E+00,-32.39E-03
+1.02500E+00,+2.46464E+00,-32.39E-03
+1.02600E+00,+2.47046E+00,-32.39E-03
+1.02700E+00,+2.47383E+00,-32.39E-03
+1.02800E+00,+2.47846E+00,-32.39E-03
+1.02900E+00,+2.47760E+00,-31.61E-03
+1.03000E+00,+2.48121E+00,-31.92E-03
+1.03100E+00,+2.48475E+00,-30.04E-03
+1.03200E+00,+2.48836E+00,-32.39E-03
+1.03300E+00,+2.48938E+00,-32.39E-03
+1.03400E+00,+2.49409E+00,-31.29E-03
+1.03500E+00,+2.49731E+00,-32.39E-03
+1.03600E+00,+2.50006E+00,-32.39E-03
+1.03700E+00,+2.50500E+00,-32.24E-03
+1.03800E+00,+2.51089E+00,-32.39E-03
+1.03900E+00,+2.51458E+00,-32.39E-03
+1.04000E+00,+2.51741E+00,-30.98E-03
+1.04100E+00,+2.52102E+00,-32.39E-03
+1.04200E+00,+2.52400E+00,-32.39E-03
+1.04300E+00,+2.52746E+00,-32.39E-03
+1.04400E+00,+2.52997E+00,-32.39E-03
+1.04500E+00,+2.53343E+00,-32.39E-03
+1.04600E+00,+2.53578E+00,-32.39E-03
+1.04700E+00,+2.53869E+00,-32.39E-03
+1.04800E+00,+2.54332E+00,-32.39E-03
+1.04900E+00,+2.54670E+00,-32.39E-03
+1.05000E+00,+2.55007E+00,-32.39E-03
+1.05100E+00,+2.55384E+00,-32.39E-03
+1.05200E+00,+2.55510E+00,-32.39E-03
+1.05300E+00,+2.55761E+00,-31.14E-03
+1.05400E+00,+2.56303E+00,-32.39E-03
+1.05500E+00,+2.56735E+00,-32.39E-03
+1.05600E+00,+2.57151E+00,-32.39E-03
+1.05700E+00,+2.57402E+00,-32.24E-03
+1.05800E+00,+2.57787E+00,-32.39E-03
+1.05900E+00,+2.58211E+00,-32.39E-03
+1.06000E+00,+2.58399E+00,-30.98E-03
+1.06100E+00,+2.58493E+00,-32.39E-03
+1.06200E+00,+2.58658E+00,-32.39E-03
+1.06300E+00,+2.59255E+00,-29.88E-03
+1.06400E+00,+2.59530E+00,-29.88E-03
+1.06500E+00,+2.60032E+00,-30.98E-03
+1.06600E+00,+2.60268E+00,-31.14E-03
+1.06700E+00,+2.60566E+00,-32.39E-03
+1.06800E+00,+2.60912E+00,-32.39E-03
+1.06900E+00,+2.61289E+00,-32.39E-03
+1.07000E+00,+2.62113E+00,-32.39E-03
+1.07100E+00,+2.62372E+00,-32.39E-03
+1.07200E+00,+2.62663E+00,-31.29E-03
+1.07300E+00,+2.63173E+00,-32.39E-03
+1.07400E+00,+2.63550E+00,-32.08E-03
+1.07500E+00,+2.63676E+00,-32.39E-03
+1.07600E+00,+2.63927E+00,-32.39E-03
+1.07700E+00,+2.64131E+00,-32.39E-03
+1.07800E+00,+2.64743E+00,-32.39E-03
+1.07900E+00,+2.65010E+00,-32.39E-03
+1.08000E+00,+2.65379E+00,-32.39E-03
+1.08100E+00,+2.65693E+00,-32.39E-03
+1.08200E+00,+2.66408E+00,-32.39E-03
+1.08300E+00,+2.66651E+00,-32.39E-03
+1.08400E+00,+2.66746E+00,-32.39E-03
+1.08500E+00,+2.67287E+00,-31.45E-03
+1.08600E+00,+2.67719E+00,-30.51E-03
+1.08700E+00,+2.68080E+00,-32.39E-03
+1.08800E+00,+2.68324E+00,-32.39E-03
+1.08900E+00,+2.68638E+00,-31.92E-03
+1.09000E+00,+2.69078E+00,-32.39E-03
+1.09100E+00,+2.69392E+00,-32.39E-03
+1.09200E+00,+2.69580E+00,-32.39E-03
+1.09300E+00,+2.69965E+00,-32.39E-03
+1.09400E+00,+2.70326E+00,-32.39E-03
+1.09500E+00,+2.70554E+00,-31.92E-03
+1.09600E+00,+2.70797E+00,-32.39E-03
+1.09700E+00,+2.71143E+00,-31.29E-03
+1.09800E+00,+2.71998E+00,-31.61E-03
+1.09900E+00,+2.72674E+00,-32.39E-03
+1.10000E+00,+2.72846E+00,-32.39E-03
+1.10100E+00,+2.73200E+00,-32.39E-03
+1.10200E+00,+2.73553E+00,-32.39E-03
+1.10300E+00,+2.73977E+00,-32.39E-03
+1.10400E+00,+2.74236E+00,-32.39E-03
+1.10500E+00,+2.74527E+00,-29.88E-03
+1.10600E+00,+2.74974E+00,-30.04E-03
+1.10700E+00,+2.75076E+00,-32.39E-03
+1.10800E+00,+2.75233E+00,-32.39E-03
+1.10900E+00,+2.75924E+00,-32.39E-03
+1.11000E+00,+2.76333E+00,-32.39E-03
+1.11100E+00,+2.76709E+00,-32.39E-03
+1.11200E+00,+2.76866E+00,-32.39E-03
+1.11300E+00,+2.77126E+00,-32.39E-03
+1.11400E+00,+2.77526E+00,-32.39E-03
+1.11500E+00,+2.78091E+00,-30.98E-03
+1.11600E+00,+2.78688E+00,-32.39E-03
+1.11700E+00,+2.79010E+00,-32.39E-03
+1.11800E+00,+2.79528E+00,-30.20E-03
+1.11900E+00,+2.79874E+00,-32.39E-03
+1.12000E+00,+2.80007E+00,-29.88E-03
+1.12100E+00,+2.80094E+00,-32.39E-03
+1.12200E+00,+2.80502E+00,-31.14E-03
+1.12300E+00,+2.80926E+00,-29.88E-03
+1.12400E+00,+2.81342E+00,-32.39E-03
+1.12500E+00,+2.81263E+00,-32.39E-03
+1.12600E+00,+2.81766E+00,-30.35E-03
+1.12700E+00,+2.82897E+00,-32.39E-03
+1.12800E+00,+2.82897E+00,-31.29E-03
+1.12900E+00,+2.83109E+00,-31.61E-03
+1.13000E+00,+2.83548E+00,-32.39E-03
+1.13100E+00,+2.84027E+00,-32.39E-03
+1.13200E+00,+2.84404E+00,-32.39E-03
+1.13300E+00,+2.84710E+00,-32.39E-03
+1.13400E+00,+2.85040E+00,-32.39E-03
+1.13500E+00,+2.85582E+00,-32.39E-03
+1.13600E+00,+2.85849E+00,-30.51E-03
+1.13700E+00,+2.86053E+00,-32.39E-03
+1.13800E+00,+2.86524E+00,-30.20E-03
+1.13900E+00,+2.86854E+00,-31.92E-03
+1.14000E+00,+2.87341E+00,-32.39E-03
+1.14100E+00,+2.87961E+00,-32.39E-03
+1.14200E+00,+2.88204E+00,-32.39E-03
+1.14300E+00,+2.88628E+00,-32.39E-03
+1.14400E+00,+2.88676E+00,-30.04E-03
+1.14500E+00,+2.89249E+00,-31.92E-03
+1.14600E+00,+2.89382E+00,-32.39E-03
+1.14700E+00,+2.89995E+00,-29.88E-03
+1.14800E+00,+2.90348E+00,-30.82E-03
+1.14900E+00,+2.90599E+00,-30.35E-03
+1.15000E+00,+2.91062E+00,-32.39E-03
+1.15100E+00,+2.91439E+00,-32.39E-03
+1.15200E+00,+2.91691E+00,-32.39E-03
+1.15300E+00,+2.92193E+00,-32.39E-03
+1.15400E+00,+2.92656E+00,-29.88E-03
+1.15500E+00,+2.93018E+00,-29.88E-03
+1.15600E+00,+2.93198E+00,-32.39E-03
+1.15700E+00,+2.93332E+00,-32.24E-03
+1.15800E+00,+2.93685E+00,-29.88E-03
+1.15900E+00,+2.94203E+00,-31.29E-03
+1.16000E+00,+2.94651E+00,-30.98E-03
+1.16100E+00,+2.95169E+00,-30.51E-03
+1.16200E+00,+2.95726E+00,-29.88E-03
+1.16300E+00,+2.95844E+00,-29.88E-03
+1.16400E+00,+2.95962E+00,-29.88E-03
+1.16500E+00,+2.96535E+00,-29.88E-03
+1.16600E+00,+2.96951E+00,-29.88E-03
+1.16700E+00,+2.97430E+00,-30.67E-03
+1.16800E+00,+2.97721E+00,-32.39E-03
+1.16900E+00,+2.97854E+00,-32.39E-03
+1.17000E+00,+2.98569E+00,-29.88E-03
+1.17100E+00,+2.99181E+00,-32.39E-03
+1.17200E+00,+2.99731E+00,-32.39E-03
+1.17300E+00,+2.99974E+00,-29.88E-03
+1.17400E+00,+3.00249E+00,-29.88E-03
+1.17500E+00,+3.00736E+00,-32.39E-03
+1.17600E+00,+3.00901E+00,-32.39E-03
+1.17700E+00,+3.01238E+00,-32.39E-03
+1.17800E+00,+3.01552E+00,-31.29E-03
+1.17900E+00,+3.01906E+00,-30.82E-03
+1.18000E+00,+3.02267E+00,-30.51E-03
+1.18100E+00,+3.02746E+00,-32.39E-03
+1.18200E+00,+3.03123E+00,-30.20E-03
+1.18300E+00,+3.03280E+00,-29.88E-03
+1.18400E+00,+3.03562E+00,-32.39E-03
+1.18500E+00,+3.04779E+00,-30.98E-03
+1.18600E+00,+3.05510E+00,-32.39E-03
+1.18700E+00,+3.05745E+00,-29.88E-03
+1.18800E+00,+3.06028E+00,-32.24E-03
+1.18900E+00,+3.06483E+00,-32.39E-03
+1.19000E+00,+3.06837E+00,-32.39E-03
+1.19100E+00,+3.06829E+00,-31.29E-03
+1.19200E+00,+3.07206E+00,-32.39E-03
+1.19300E+00,+3.08030E+00,-32.39E-03
+1.19400E+00,+3.08391E+00,-32.39E-03
+1.19500E+00,+3.08548E+00,-32.39E-03
+1.19600E+00,+3.09059E+00,-32.39E-03
+1.19700E+00,+3.09334E+00,-29.88E-03
+1.19800E+00,+3.09781E+00,-30.82E-03
+1.19900E+00,+3.10032E+00,-32.39E-03
+1.20000E+00,+3.10409E+00,-32.39E-03
+1.20100E+00,+3.10990E+00,-32.39E-03
+1.20200E+00,+3.11540E+00,-32.39E-03
+1.20300E+00,+3.11658E+00,-32.39E-03
+1.20400E+00,+3.12003E+00,-31.61E-03
+1.20500E+00,+3.12192E+00,-32.39E-03
+1.20600E+00,+3.12914E+00,-32.39E-03
+1.20700E+00,+3.13071E+00,-32.39E-03
+1.20800E+00,+3.13456E+00,-32.39E-03
+1.20900E+00,+3.14092E+00,-32.39E-03
+1.21000E+00,+3.14500E+00,-31.45E-03
+1.21100E+00,+3.14618E+00,-32.39E-03
+1.21200E+00,+3.14578E+00,-32.39E-03
+1.21300E+00,+3.15403E+00,-32.39E-03
+1.21400E+00,+3.15686E+00,-32.39E-03
+1.21500E+00,+3.15654E+00,-30.98E-03
+1.21600E+00,+3.15945E+00,-32.39E-03
+1.21700E+00,+3.16290E+00,-29.88E-03
+1.21800E+00,+3.16698E+00,-29.88E-03
+1.21900E+00,+3.17185E+00,-30.04E-03
+1.22000E+00,+3.18073E+00,-29.88E-03
+1.22100E+00,+3.18701E+00,-29.88E-03
+1.22200E+00,+3.18826E+00,-29.88E-03
+1.22300E+00,+3.19030E+00,-29.88E-03
+1.22400E+00,+3.19258E+00,-30.35E-03
+1.22500E+00,+3.19823E+00,-32.39E-03
+1.22600E+00,+3.19957E+00,-32.39E-03
+1.22700E+00,+3.20287E+00,-32.39E-03
+1.22800E+00,+3.20711E+00,-32.39E-03
+1.22900E+00,+3.21252E+00,-30.82E-03
+1.23000E+00,+3.21614E+00,-32.39E-03
+1.23100E+00,+3.21716E+00,-29.88E-03
+1.23200E+00,+3.22187E+00,-29.88E-03
+1.23300E+00,+3.22179E+00,-32.39E-03
+1.23400E+00,+3.22344E+00,-32.39E-03
+1.23500E+00,+3.22116E+00,-32.39E-03
+1.23600E+00,+3.22218E+00,-32.39E-03
+1.23700E+00,+3.22328E+00,-29.88E-03
+1.23800E+00,+3.22226E+00,-32.39E-03
+1.23900E+00,+3.22053E+00,-31.92E-03
+1.24000E+00,+3.22116E+00,-32.39E-03
+1.24100E+00,+3.22218E+00,-32.39E-03
+1.24200E+00,+3.22148E+00,-32.39E-03
+1.24300E+00,+3.21881E+00,-32.39E-03
+1.24400E+00,+3.22210E+00,-32.39E-03
+1.24500E+00,+3.22187E+00,-32.39E-03
+1.24600E+00,+3.22053E+00,-30.82E-03
+1.24700E+00,+3.22093E+00,-29.88E-03
+1.24800E+00,+3.22258E+00,-29.88E-03
+1.24900E+00,+3.22195E+00,-32.39E-03
+1.25000E+00,+3.22210E+00,-32.39E-03
+1.25100E+00,+3.22093E+00,-32.39E-03
+1.25200E+00,+3.22093E+00,-32.39E-03
+1.25300E+00,+3.22218E+00,-32.39E-03
+1.25400E+00,+3.22124E+00,-29.88E-03
+1.25500E+00,+3.22014E+00,-32.39E-03
+1.25600E+00,+3.22093E+00,-32.39E-03
+1.25700E+00,+3.22281E+00,-32.39E-03
+1.25800E+00,+3.22124E+00,-32.39E-03
+1.25900E+00,+3.22093E+00,-32.39E-03
+1.26000E+00,+3.21991E+00,-32.39E-03
+1.26100E+00,+3.22093E+00,-32.39E-03
+1.26200E+00,+3.22077E+00,-32.39E-03
+1.26300E+00,+3.21983E+00,-32.39E-03
+1.26400E+00,+3.22155E+00,-32.39E-03
+1.26500E+00,+3.22242E+00,-32.39E-03
+1.26600E+00,+3.22155E+00,-32.39E-03
+1.26700E+00,+3.22273E+00,-32.39E-03
+1.26800E+00,+3.22116E+00,-32.39E-03
+1.26900E+00,+3.22218E+00,-32.39E-03
+1.27000E+00,+3.22242E+00,-32.39E-03
+1.27100E+00,+3.22053E+00,-29.88E-03
+1.27200E+00,+3.22148E+00,-29.88E-03
+1.27300E+00,+3.22297E+00,-32.39E-03
+1.27400E+00,+3.22171E+00,-29.88E-03
+1.27500E+00,+3.21967E+00,-32.39E-03
+1.27600E+00,+3.21943E+00,-32.39E-03
+1.27700E+00,+3.22171E+00,-32.39E-03
+1.27800E+00,+3.22093E+00,-32.39E-03
+1.27900E+00,+3.22006E+00,-31.61E-03
+1.28000E+00,+3.22218E+00,-32.39E-03
+1.28100E+00,+3.22218E+00,-32.39E-03
+1.28200E+00,+3.22218E+00,-32.24E-03
+1.28300E+00,+3.22093E+00,-32.39E-03
+1.28400E+00,+3.22281E+00,-32.39E-03
+1.28500E+00,+3.22218E+00,-32.39E-03
+1.28600E+00,+3.22250E+00,-31.92E-03
+1.28700E+00,+3.21991E+00,-32.39E-03
+1.28800E+00,+3.22218E+00,-32.39E-03
+1.28900E+00,+3.22218E+00,-32.39E-03
+1.29000E+00,+3.22061E+00,-32.39E-03
+1.29100E+00,+3.22077E+00,-32.39E-03
+1.29200E+00,+3.22179E+00,-32.39E-03
+1.29300E+00,+3.22100E+00,-32.39E-03
+1.29400E+00,+3.21975E+00,-32.39E-03
+1.29500E+00,+3.22163E+00,-32.39E-03
+1.29600E+00,+3.22046E+00,-31.61E-03
+1.29700E+00,+3.22218E+00,-29.88E-03
+1.29800E+00,+3.22046E+00,-32.39E-03
+1.29900E+00,+3.22006E+00,-32.39E-03
+1.30000E+00,+3.22093E+00,-32.39E-03
+1.30100E+00,+3.22320E+00,-29.88E-03
+1.30200E+00,+3.22046E+00,-29.88E-03
+1.30300E+00,+3.22155E+00,-31.14E-03
+1.30400E+00,+3.22218E+00,-29.88E-03
+1.30500E+00,+3.22265E+00,-31.92E-03
+1.30600E+00,+3.22085E+00,-30.04E-03
+1.30700E+00,+3.22100E+00,-32.24E-03
+1.30800E+00,+3.22108E+00,-31.77E-03
+1.30900E+00,+3.22022E+00,-32.39E-03
+1.31000E+00,+3.21991E+00,-30.98E-03
+1.31100E+00,+3.21967E+00,-32.39E-03
+1.31200E+00,+3.22100E+00,-32.39E-03
+1.31300E+00,+3.22203E+00,-32.39E-03
+1.31400E+00,+3.21991E+00,-32.39E-03
+1.31500E+00,+3.22140E+00,-32.39E-03
+1.31600E+00,+3.22148E+00,-31.29E-03
+1.31700E+00,+3.22148E+00,-31.77E-03
+1.31800E+00,+3.22203E+00,-32.39E-03
+1.31900E+00,+3.21975E+00,-32.39E-03
+1.32000E+00,+3.22187E+00,-32.39E-03
+1.32100E+00,+3.22179E+00,-32.39E-03
+1.32200E+00,+3.22030E+00,-32.39E-03
+1.32300E+00,+3.21959E+00,-31.61E-03
+1.32400E+00,+3.22108E+00,-32.39E-03
+1.32500E+00,+3.22085E+00,-32.39E-03
+1.32600E+00,+3.22093E+00,-32.39E-03
+1.32700E+00,+3.22006E+00,-32.39E-03
+1.32800E+00,+3.22155E+00,-32.39E-03
+1.32900E+00,+3.22218E+00,-32.39E-03
+1.33000E+00,+3.22140E+00,-32.39E-03
+1.33100E+00,+3.22093E+00,-32.39E-03
+1.33200E+00,+3.22100E+00,-32.39E-03
+1.33300E+00,+3.22155E+00,-32.39E-03
+1.33400E+00,+3.22022E+00,-32.39E-03
+1.33500E+00,+3.21991E+00,-29.88E-03
+1.33600E+00,+3.22344E+00,-32.39E-03
+1.33700E+00,+3.22203E+00,-32.39E-03
+1.33800E+00,+3.21991E+00,-32.39E-03
+1.33900E+00,+3.22155E+00,-32.39E-03
+1.34000E+00,+3.22289E+00,-32.39E-03
+1.34100E+00,+3.22218E+00,-32.39E-03
+1.34200E+00,+3.21967E+00,-32.39E-03
+1.34300E+00,+3.22218E+00,-32.39E-03
+1.34400E+00,+3.22093E+00,-32.39E-03
+1.34500E+00,+3.22116E+00,-30.51E-03
+1.34600E+00,+3.22006E+00,-30.82E-03
+1.34700E+00,+3.22093E+00,-31.14E-03
+1.34800E+00,+3.22046E+00,-29.88E-03
+1.34900E+00,+3.22281E+00,-32.08E-03
+1.35000E+00,+3.22093E+00,-32.39E-03
+1.35100E+00,+3.22297E+00,-30.35E-03
+1.35200E+00,+3.22093E+00,-32.39E-03
+1.35300E+00,+3.22148E+00,-32.39E-03
+1.35400E+00,+3.22132E+00,-32.39E-03
+1.35500E+00,+3.22140E+00,-30.51E-03
+1.35600E+00,+3.22336E+00,-32.39E-03
+1.35700E+00,+3.22006E+00,-32.39E-03
+1.35800E+00,+3.22124E+00,-32.39E-03
+1.35900E+00,+3.21975E+00,-32.39E-03
+1.36000E+00,+3.22140E+00,-32.39E-03
+1.36100E+00,+3.22155E+00,-32.39E-03
+1.36200E+00,+3.22203E+00,-32.24E-03
+1.36300E+00,+3.22100E+00,-32.39E-03
+1.36400E+00,+3.22312E+00,-32.39E-03
+1.36500E+00,+3.22140E+00,-32.39E-03
+1.36600E+00,+3.22226E+00,-32.39E-03
+1.36700E+00,+3.22030E+00,-32.39E-03
+1.36800E+00,+3.22093E+00,-32.39E-03
+1.36900E+00,+3.22344E+00,-32.39E-03
+1.37000E+00,+3.21991E+00,-32.39E-03
+1.37100E+00,+3.22203E+00,-30.82E-03
+1.37200E+00,+3.22281E+00,-31.14E-03
+1.37300E+00,+3.22297E+00,-30.82E-03
+1.37400E+00,+3.22171E+00,-32.39E-03
+1.37500E+00,+3.22218E+00,-32.39E-03
+1.37600E+00,+3.22320E+00,-32.39E-03
+1.37700E+00,+3.22132E+00,-32.39E-03
+1.37800E+00,+3.22022E+00,-31.14E-03
+1.37900E+00,+3.22053E+00,-32.39E-03
+1.38000E+00,+3.22116E+00,-31.92E-03
+1.38100E+00,+3.22203E+00,-29.88E-03
+1.38200E+00,+3.21975E+00,-30.20E-03
+1.38300E+00,+3.22148E+00,-32.39E-03
+1.38400E+00,+3.22273E+00,-32.39E-03
+1.38500E+00,+3.22163E+00,-29.88E-03
+1.38600E+00,+3.22022E+00,-32.39E-03
+1.38700E+00,+3.22328E+00,-32.39E-03
+1.38800E+00,+3.22226E+00,-32.39E-03
+1.38900E+00,+3.22148E+00,-30.51E-03
+1.39000E+00,+3.22116E+00,-32.39E-03
+1.39100E+00,+3.22148E+00,-32.39E-03
+1.39200E+00,+3.22124E+00,-32.39E-03
+1.39300E+00,+3.22171E+00,-32.39E-03
+1.39400E+00,+3.21967E+00,-32.39E-03
+1.39500E+00,+3.22163E+00,-32.39E-03
+1.39600E+00,+3.22124E+00,-32.39E-03
+1.39700E+00,+3.22100E+00,-29.88E-03
+1.39800E+00,+3.22132E+00,-32.39E-03
+1.39900E+00,+3.22108E+00,-32.39E-03
+1.40000E+00,+3.22336E+00,-32.39E-03
+1.40100E+00,+3.22022E+00,-32.39E-03
+1.40200E+00,+3.22093E+00,-32.39E-03
+1.40300E+00,+3.22155E+00,-31.14E-03
+1.40400E+00,+3.22218E+00,-32.39E-03
+1.40500E+00,+3.22116E+00,-32.39E-03
+1.40600E+00,+3.22093E+00,-29.88E-03
+1.40700E+00,+3.22100E+00,-32.24E-03
+1.40800E+00,+3.22179E+00,-29.88E-03
+1.40900E+00,+3.22077E+00,-32.39E-03
+1.41000E+00,+3.22116E+00,-32.39E-03
+1.41100E+00,+3.22022E+00,-32.39E-03
+1.41200E+00,+3.22203E+00,-32.39E-03
+1.41300E+00,+3.21991E+00,-32.39E-03
+1.41400E+00,+3.22116E+00,-32.39E-03
+1.41500E+00,+3.22061E+00,-32.39E-03
+1.41600E+00,+3.22155E+00,-32.39E-03
+1.41700E+00,+3.22273E+00,-32.39E-03
+1.41800E+00,+3.22226E+00,-32.39E-03
+1.41900E+00,+3.22328E+00,-32.39E-03
+1.42000E+00,+3.22344E+00,-32.39E-03
+1.42100E+00,+3.22218E+00,-30.82E-03
+1.42200E+00,+3.22030E+00,-29.88E-03
+1.42300E+00,+3.22218E+00,-31.61E-03
